tvg-name,tvg-id,tvg-logo,group-title,link
CHC动作电影,CHC动作电影,https://live.fanmingming.com/tv/CHC动作电影.png,,http://summer-xa.icopylock.com:8888/udp/239.110.205.6:9770#http://opdf.top:8088/udp/239.81.0.239:4056
CHC影迷电影,CHC影迷电影,https://live.fanmingming.com/tv/CHC影迷电影.png,,http://summer-xa.icopylock.com:8888/udp/239.109.205.97:8712#http://opdf.top:8088/udp/239.81.0.240:4056
CHC家庭影院,CHC家庭影院,https://live.fanmingming.com/tv/CHC家庭影院.png,,http://summer-xa.icopylock.com:8888/udp/239.109.205.104:8768#http://opdf.top:8088/udp/239.81.0.238:4056
陕西西部电影,陕西西部电影,https://live.fanmingming.com/tv/陕西西部电影.png,,http://summer-xa.icopylock.com:8888/udp/239.111.205.102:5140
CCTV1,CCTV1,https://live.fanmingming.com/tv/CCTV1.png,,http://summer-xa.icopylock.com:8888/udp/239.112.205.59:5140
CCTV9,CCTV9,https://live.fanmingming.com/tv/CCTV9.png,,http://summer-xa.icopylock.com:8888/udp/239.112.205.85:5140
CCTV13,CCTV13,https://live.fanmingming.com/tv/CCTV13.png,,http://summer-xa.icopylock.com:8888/udp/239.111.205.53:5140
广东卫视,广东卫视,https://live.fanmingming.com/tv/广东卫视.png,,http://summer-xa.icopylock.com:8888/udp/239.109.205.188:9610
深圳卫视,深圳卫视,https://live.fanmingming.com/tv/深圳卫视.png,,http://summer-xa.icopylock.com:8888/udp/239.109.205.189:9602
辽宁卫视,辽宁卫视,https://live.fanmingming.com/tv/辽宁卫视.png,,http://summer-xa.icopylock.com:8888/udp/239.110.205.12:9794
重庆卫视,重庆卫视,https://live.fanmingming.com/tv/重庆卫视.png,,http://summer-xa.icopylock.com:8888/udp/239.109.205.70:8496
陕西1套,陕西1套,https://live.fanmingming.com/tv/陕西1套.png,,http://summer-xa.icopylock.com:8888/udp/239.111.205.28:5140
陕西2套,陕西2套,https://live.fanmingming.com/tv/陕西2套.png,,http://summer-xa.icopylock.com:8888/udp/239.111.205.36:5140
陕西3套,陕西3套,https://live.fanmingming.com/tv/陕西3套.png,,http://summer-xa.icopylock.com:8888/udp/239.111.205.98:5140
陕西4套,陕西4套,https://live.fanmingming.com/tv/陕西4套.png,,http://summer-xa.icopylock.com:8888/udp/239.111.205.99:5140
陕西5套,陕西5套,https://live.fanmingming.com/tv/陕西5套.png,,http://summer-xa.icopylock.com:8888/udp/239.111.205.100:5140
陕西7套,陕西7套,https://live.fanmingming.com/tv/陕西7套.png,,http://summer-xa.icopylock.com:8888/udp/239.111.205.42:5140
广东少儿,广东少儿,https://live.fanmingming.com/tv/广东少儿.png,,http://113.101.119.76:808/hls/111/index.m3u8
卡酷少儿,卡酷少儿,https://live.fanmingming.com/tv/卡酷少儿.png,,http://ottrrs.hl.chinamobile.com/PLTV/88888888/224/3221225654/index.m3u8
卡酷少儿,卡酷少儿,https://live.fanmingming.com/tv/卡酷少儿.png,,http://1b6467f415.iok.la:9931/tsfile/live/1054_1.m3u8
卡酷少儿,卡酷少儿,https://live.fanmingming.com/tv/卡酷少儿.png,,http://112.101.78.50:9901/tsfile/live/1012_1.m3u8?key=txiptv&playlive=1&authid=0
卡酷少儿,卡酷少儿,https://live.fanmingming.com/tv/卡酷少儿.png,,http://zteres.sn.chinamobile.com:6060/000000001000/7851974109718180595/1.m3u8?channelid=bestzb&Contentid=7851974109718180595&livemode=1&stbId=3
动漫秀场,动漫秀场,https://live.fanmingming.com/tv/动漫秀场.png,,http://171.108.239.77:8181/tsfile/live/1048_1.m3u8?key=txiptv&playlive=1&authid=0
动漫秀场,动漫秀场,https://live.fanmingming.com/tv/动漫秀场.png,,http://1.24.190.98:10080/hls/39/index.m3u8
动漫秀场,动漫秀场,https://live.fanmingming.com/tv/动漫秀场.png,,http://171.110.43.97:8181/tsfile/live/1055_1.m3u8?key=txiptv&playlive=1&authid=0
动漫秀场,动漫秀场,https://live.fanmingming.com/tv/动漫秀场.png,,http://171.108.239.95:8181/tsfile/live/1048_1.m3u8?key=txiptv&playlive=1&authid=0
哈哈炫动,哈哈炫动,https://live.fanmingming.com/tv/哈哈炫动.png,,http://221.213.92.39:9901/tsfile/live/1009_1.m3u8?key=txiptv&playlive=0&authid=0
哈哈炫动,哈哈炫动,https://live.fanmingming.com/tv/哈哈炫动.png,,http://221.213.92.58:9901/tsfile/live/1009_1.m3u8?key=txiptv&playlive=0&authid=0
哈哈炫动,哈哈炫动,https://live.fanmingming.com/tv/哈哈炫动.png,,http://175.10.228.235:8081/tsfile/live/1007_1.m3u8?key=txiptv&playlive=1&authid=0
哈哈炫动,哈哈炫动,https://live.fanmingming.com/tv/哈哈炫动.png,,http://dbiptv.sn.chinamobile.com/PLTV/88888890/224/3221226213/index.m3u8
哈哈炫动,哈哈炫动,https://live.fanmingming.com/tv/哈哈炫动.png,,http://zteres.sn.chinamobile.com:6060/000000001000/5000000005000031641/1.m3u8?channelid=bestzb&Contentid=5000000005000031641&livemode=1&stbId=3
金鹰卡通,金鹰卡通,https://live.fanmingming.com/tv/金鹰卡通.png,,http://39.134.66.66/PLTV/88888888/224/3221225561/index.m3u8
金鹰卡通,金鹰卡通,https://live.fanmingming.com/tv/金鹰卡通.png,,http://171.108.239.77:8181/tsfile/live/1049_1.m3u8?key=txiptv&playlive=1&authid=0
金鹰卡通,金鹰卡通,https://live.fanmingming.com/tv/金鹰卡通.png,,http://1b6467f415.iok.la:9931/tsfile/live/1055_1.m3u8
金鹰卡通,金鹰卡通,https://live.fanmingming.com/tv/金鹰卡通.png,,http://fangke.blueswords.com:9901/tsfile/live/1013_1.m3u8?key=txiptv&playlive=1&authid=0
金鹰卡通,金鹰卡通,https://live.fanmingming.com/tv/金鹰卡通.png,,http://1.24.190.98:10080/hls/51/index.m3u8
金鹰卡通,金鹰卡通,https://live.fanmingming.com/tv/金鹰卡通.png,,http://121.24.99.191:8090/hls/72/index.m3u8
金鹰卡通,金鹰卡通,https://live.fanmingming.com/tv/金鹰卡通.png,,http://112.101.78.50:9901/tsfile/live/1016_1.m3u8?key=txiptv&playlive=1&authid=0
金鹰卡通,金鹰卡通,https://live.fanmingming.com/tv/金鹰卡通.png,,http://221.213.92.39:9901/tsfile/live/1005_1.m3u8?key=txiptv&playlive=0&authid=0
金鹰卡通,金鹰卡通,https://live.fanmingming.com/tv/金鹰卡通.png,,http://221.213.92.58:9901/tsfile/live/1005_1.m3u8?key=txiptv&playlive=0&authid=0
金鹰卡通,金鹰卡通,https://live.fanmingming.com/tv/金鹰卡通.png,,http://171.118.223.183:9999/tsfile/live/1000_1.m3u8?key=txiptv&playlive=1&authid=0
金鹰卡通,金鹰卡通,https://live.fanmingming.com/tv/金鹰卡通.png,,http://111.225.113.63:808/tsfile/live/1031_1.m3u8?key=txiptv&playlive=1&authid=0
金鹰卡通,金鹰卡通,https://live.fanmingming.com/tv/金鹰卡通.png,,http://175.10.228.235:8081/tsfile/live/1002_1.m3u8?key=txiptv&playlive=1&authid=0
金鹰卡通,金鹰卡通,https://live.fanmingming.com/tv/金鹰卡通.png,,http://124.228.160.94:9901/tsfile/live/0011_1.m3u8?key=txiptv&playlive=1&authid=0
金鹰卡通,金鹰卡通,https://live.fanmingming.com/tv/金鹰卡通.png,,http://223.159.11.205:8099/tsfile/live/1005_1.m3u8?key=txiptv&playlive=0&authid=0
金鹰卡通,金鹰卡通,https://live.fanmingming.com/tv/金鹰卡通.png,,http://dbiptv.sn.chinamobile.com/PLTV/88888890/224/3221225744/index.m3u8
金鹰卡通,金鹰卡通,https://live.fanmingming.com/tv/金鹰卡通.png,,http://zteres.sn.chinamobile.com:6060/000000001000/5000000006000040024/1.m3u8?channelid=bestzb&Contentid=5000000006000040024&livemode=1&stbId=3
金鹰卡通,金鹰卡通,https://live.fanmingming.com/tv/金鹰卡通.png,,http://171.108.239.95:8181/tsfile/live/1049_1.m3u8?key=txiptv&playlive=1&authid=0
优漫卡通,优漫卡通,https://live.fanmingming.com/tv/优漫卡通.png,,http://39.134.66.66/PLTV/88888888/224/3221225556/index.m3u8
优漫卡通,优漫卡通,https://live.fanmingming.com/tv/优漫卡通.png,,http://171.110.43.97:8181/tsfile/live/1120_1.m3u8?key=txiptv&playlive=1&authid=0
优漫卡通,优漫卡通,https://live.fanmingming.com/tv/优漫卡通.png,,http://221.213.92.39:9901/tsfile/live/1007_1.m3u8?key=txiptv&playlive=0&authid=0
优漫卡通,优漫卡通,https://live.fanmingming.com/tv/优漫卡通.png,,http://221.213.92.58:9901/tsfile/live/1007_1.m3u8?key=txiptv&playlive=0&authid=0
优漫卡通,优漫卡通,https://live.fanmingming.com/tv/优漫卡通.png,,http://175.10.228.235:8081/tsfile/live/1006_1.m3u8?key=txiptv&playlive=1&authid=0
优漫卡通,优漫卡通,https://live.fanmingming.com/tv/优漫卡通.png,,http://dbiptv.sn.chinamobile.com/PLTV/88888890/224/3221225795/index.m3u8
优漫卡通,优漫卡通,https://live.fanmingming.com/tv/优漫卡通.png,,http://zteres.sn.chinamobile.com:6060/000000001000/1000000002000010063/1.m3u8?channelid=ystenlive&Contentid=1000000002000010063&livemode=1&stbId=3
东莞生活,东莞生活,https://live.fanmingming.com/tv/东莞生活.png,,https://stream.sun0769.com/dgrtv1/mp4tv2_1500/index.m3u8
东莞生活,东莞生活,https://live.fanmingming.com/tv/东莞生活.png,,https://stream.sun0769.com/dgrtv1/mp4tv2_800/index.m3u8
东莞新闻,东莞新闻,https://live.fanmingming.com/tv/东莞新闻.png,,https://stream.sun0769.com/dgrtv1/mp4tv1_1500/index.m3u8
东莞新闻,东莞新闻,https://live.fanmingming.com/tv/东莞新闻.png,,https://stream.sun0769.com/dgrtv1/mp4tv1_800/index.m3u8
海口城乡,海口城乡,https://live.fanmingming.com/tv/海口城乡.png,,http://124.225.35.97:16080/live/tv2403.m3u8
海口生活,海口生活,https://live.fanmingming.com/tv/海口生活.png,,http://124.225.35.97:16080/live/tv2402.m3u8
海口综合,海口综合,https://live.fanmingming.com/tv/海口综合.png,,http://124.225.35.97:16080/live/tv2401.m3u8
运城一套,运城一套,https://live.fanmingming.com/tv/运城一套.png,,http://live.0359tv.com/lsdream/ss4Lj11/live.m3u8
运城二套,运城二套,https://live.fanmingming.com/tv/运城二套.png,,http://live.0359tv.com/lsdream/t667aTY/live.m3u8
运城三套,运城三套,https://live.fanmingming.com/tv/运城三套.png,,http://live.0359tv.com/lsdream/p5eq48m/live.m3u8
贵州-2,贵州-2,https://live.fanmingming.com/tv/贵州-2.png,,http://pili-live-snapshot.live.v2gogo.com/v2gogo-live/e7b9e08f7f8d4e4ca4f41fa399aeae17.m3u8
贵州-3,贵州-3,https://live.fanmingming.com/tv/贵州-3.png,,https://9bwaz8y2.gzstv.com/live/CH03_lo.m3u8?txSecret=8b54ccd4a283cc1a9d45fe5dc910638b&txTime=6673F44D
贵州-4,贵州-4,https://live.fanmingming.com/tv/贵州-4.png,,https://9bwaz8y2.gzstv.com/live/CH04_lo.m3u8?txSecret=ac6d3c2bd562fcc0b8a469b0f3e0609f&txTime=6673F44D
贵州-5,贵州-5,https://live.fanmingming.com/tv/贵州-5.png,,https://9bwaz8y2.gzstv.com/live/CH05_lo.m3u8?txSecret=0de756307562a692ba6f0fb98c8d836b&txTime=6673F4A3
贵州-6,贵州-6,https://live.fanmingming.com/tv/贵州-6.png,,https://9bwaz8y2.gzstv.com/live/CH06_lo.m3u8?txSecret=3de067217777adf9fdb8a5340a93bdec&txTime=6673F44A
青海卫视,青海卫视,https://live.fanmingming.com/tv/青海卫视.png,,http://stream.qhbtv.com/qhws/sd/live.m3u8
凤凰卫视,凤凰卫视,https://live.fanmingming.com/tv/凤凰卫视.png,,http://61.221.215.25:8800/hls/47/index.m3u8
凤凰卫视,凤凰卫视,https://live.fanmingming.com/tv/凤凰卫视.png,,http://116.162.6.192/1.v.smtcdns.net/qctv.fengshows.cn/live/0701pcc72.m3u8
凤凰资讯,凤凰资讯,https://live.fanmingming.com/tv/凤凰资讯.png,,http://116.162.6.192/1.v.smtcdns.net/qctv.fengshows.cn/live/0701pin72.m3u8
凤凰香港,凤凰香港,https://live.fanmingming.com/tv/凤凰香港.png,,http://116.162.6.192:80/1.v.smtcdns.net/qctv.fengshows.cn/live/0701phk72.m3u8
潮州公共,潮州公共,https://live.fanmingming.com/tv/潮州公共.png,,http://time-vod-qhlive.sobeylive.com/czbtv2019/czggpd.m3u8
广东公共,广东公共,https://live.fanmingming.com/tv/广东公共.png,,https://epg.pw/stream/abee1fe3eef6e9b2e31cf2951038ffd2a90048161605cf2e55f60702e5757746.m3u8
广东经济,广东经济,https://live.fanmingming.com/tv/广东经济.png,,https://epg.pw/stream/2623d952147c792681ad5fe97ea7b7e4b883687a6ee2f3343560331009f7d534.m3u8
广东民生,广东民生,https://live.fanmingming.com/tv/广东民生.png,,https://epg.pw/stream/d705bf2698d0b56ef2db9514c5bdf14406bd0c7fbdfd887eb3b649750bb83361.m3u8
广东少儿,广东少儿,https://live.fanmingming.com/tv/广东少儿.png,,https://epg.pw/stream/9e3bb2f0e2e33140f2eacb1d7cb90fff3e38e70ba760ab5f984b2a9e2f929d87.m3u8
广东新闻,广东新闻,https://live.fanmingming.com/tv/广东新闻.png,,https://epg.pw/stream/c094302b2de4bc9600f9ebec67c3f77e247be50a6d1c0a29744b2b3d6f94d571.m3u8
广东珠江,广东珠江,https://live.fanmingming.com/tv/广东珠江.png,,https://epg.pw/stream/943a56c1980ac8d65adeb0603437a8cd8da6241b019e93bba89c37ff050946e5.m3u8
广东综艺,广东综艺,https://live.fanmingming.com/tv/广东综艺.png,,https://epg.pw/stream/b5ae84ba5527e0074d6614c199a38821c09e9ee4d41bdcadb033d40ea3b23419.m3u8
广西都市,广西都市,https://live.fanmingming.com/tv/广西都市.png,,https://epg.pw/stream/ae3d3280f53207850f9680fb5b490dde80ba29c95db39f5c6bb69212c1e48a64.m3u8
广西国际,广西国际,https://live.fanmingming.com/tv/广西国际.png,,https://hlscdn.liangtv.cn/live/0234c48e0bc24fe1b41b9999a253e581/1075ee38e04f490690f6a36a16e09c79.m3u8
广西新闻,广西新闻,https://live.fanmingming.com/tv/广西新闻.png,,https://epg.pw/stream/5a63df536f2a1772e2dc5847f58a13b84f3c0ba095d266fc9f27c1e392eaf2d4.m3u8
广西影视,广西影视,https://live.fanmingming.com/tv/广西影视.png,,https://epg.pw/stream/397ad4626ff6079e13990bc6474d9a855c149a7fdf3c827d83bd1277547dc025.m3u8
广西综艺,广西综艺,https://live.fanmingming.com/tv/广西综艺.png,,https://epg.pw/stream/a4b4f68ce7c6d859538a85ef14d38f2123e370799943ed95fd21f7c6d2e37463.m3u8
广州南国都市,广州南国都市,https://live.fanmingming.com/tv/广州南国都市.png,,https://tencentplay.gztv.com/live/nanguodushi.m3u8?txSecret=c8f8cdb566361489c7ecc33c19745c5a&txTime=18d048f5667
广州新闻,广州新闻,https://live.fanmingming.com/tv/广州新闻.png,,https://tencentplay.gztv.com/live/xinwen.m3u8?txSecret=bcd5125e530044fdd5579b629f1fa7cc&txTime=18d6ec9e894
广州新闻,广州新闻,https://live.fanmingming.com/tv/广州新闻.png,,https://tencentplay.gztv.com/live/xinwen.m3u8?txSecret=e2dc470aa40798640857deb96b922f74&txTime=18d0548e823
广州影视,广州影视,https://live.fanmingming.com/tv/广州影视.png,,https://tencentplay.gztv.com/live/yingshi.m3u8?txSecret=ba244d8081891de486ca6bdb8d86fe26&txTime=18d048b41b2
广州综合,广州综合,https://live.fanmingming.com/tv/广州综合.png,,https://tencentplay.gztv.com/live/zonghes.m3u8?txSecret=1b3fcaebe0459e7ca2876c2d5493cfac&txTime=18d047b699e
广州综合,广州综合,https://live.fanmingming.com/tv/广州综合.png,,https://tencentplay.gztv.com/live/zonghes.m3u8?txSecret=ce6ccd82b74a49ff39bc92e1f4da4697&txTime=18dd4408531
河北都市,河北都市,https://live.fanmingming.com/tv/河北都市.png,,http://111.11.98.205:9900/hls/20/index.m3u8
河北都市,河北都市,https://live.fanmingming.com/tv/河北都市.png,,https://epg.pw/stream/9fc6507da49edb0268413134352e96785e137b8f2dec3c1bef337f62e1087c1b.m3u8
河北都市,河北都市,https://live.fanmingming.com/tv/河北都市.png,,https://jwplay.hebyun.com.cn/live/hbdstv/1500k/tzwj_video.m3u8?zhebd
河北公共,河北公共,https://live.fanmingming.com/tv/河北公共.png,,https://epg.pw/stream/b88b7a8f8c37ba504c733aa9078138c2722057d26ceef0050f29f3363b02189c.m3u8
河北经济,河北经济,https://live.fanmingming.com/tv/河北经济.png,,http://111.11.98.205:9900/hls/19/index.m3u8
河北农民,河北农民,https://live.fanmingming.com/tv/河北农民.png,,http://111.11.98.205:9900/hls/24/index.m3u8
河北农民,河北农民,https://live.fanmingming.com/tv/河北农民.png,,https://epg.pw/stream/77d583a3ce92e660a3aae8d721e57456356ecb45396a4f4c979738dc2832bfd1.m3u8
河北少儿,河北少儿,https://live.fanmingming.com/tv/河北少儿.png,,http://111.11.98.205:9900/hls/22/index.m3u8
河北影视,河北影视,https://live.fanmingming.com/tv/河北影视.png,,http://111.11.98.205:9900/hls/21/index.m3u8
河北影视,河北影视,https://live.fanmingming.com/tv/河北影视.png,,https://epg.pw/stream/8afc7e68526e1c85b82bd60fb8f494897c363e91980178a3a0ee4f29af5fd425.m3u8
河北影视,河北影视,https://live.fanmingming.com/tv/河北影视.png,,https://epg.pw/stream/c052b9f414bbbf9c00616f9184da6d11fa730d903171e2ae8d1ef1b80538f600.m3u8
河北影视,河北影视,https://live.fanmingming.com/tv/河北影视.png,,https://epg.pw/stream/f927788e08949e5333ad97affc4fb4b9649bef97948e0794f1ec0936054bd8c3.m3u8
哈密1套,哈密1套,https://live.fanmingming.com/tv/哈密1套.png,,https://tvpull.hmgbtv.com/hmtv/channel9cd66b3d5d258b2b.flv
哈密1套,哈密1套,https://live.fanmingming.com/tv/哈密1套.png,,https://tvpull.hmgbtv.com/hmtv/channel9cd66b3d5d258b2b/playlist.m3u8
哈密2套,哈密2套,https://live.fanmingming.com/tv/哈密2套.png,,https://tvpull.hmgbtv.com/hmtv/channel108259412c6a6711.flv
哈密2套,哈密2套,https://live.fanmingming.com/tv/哈密2套.png,,https://tvpull.hmgbtv.com/hmtv/channel108259412c6a6711/playlist.m3u8
哈密3套,哈密3套,https://live.fanmingming.com/tv/哈密3套.png,,https://tvpull.hmgbtv.com/hmtv/channelfb0e5c505477aa44.flv
海南公共,海南公共,https://live.fanmingming.com/tv/海南公共.png,,https://epg.pw/stream/c56c49c74a804c2b8ed6467da5257d3f9185d87de349573e07b7585120d9c38f.m3u8
海南公共,海南公共,https://live.fanmingming.com/tv/海南公共.png,,https://live3.hnntv.cn/srs/tv/ggpd.m3u8
海南少儿,海南少儿,https://live.fanmingming.com/tv/海南少儿.png,,https://epg.pw/stream/baa68e39d43dc2d8018de7894fd858915089c371cf58c93057400af002c04e10.m3u8
海南文旅,海南文旅,https://live.fanmingming.com/tv/海南文旅.png,,https://epg.pw/stream/256e6a899665957ee3b764ec741072fa09c023580c2485fdd5fb60e77c8374e7.m3u8
海南文旅,海南文旅,https://live.fanmingming.com/tv/海南文旅.png,,https://live3.hnntv.cn/srs/tv/wlpd.m3u8
海南新闻,海南新闻,https://live.fanmingming.com/tv/海南新闻.png,,https://epg.pw/stream/ca0b9ca23c22a4f142cecbe38cd36a32539ca471108ac54d4d78549cebd23b90.m3u8
海南新闻,海南新闻,https://live.fanmingming.com/tv/海南新闻.png,,https://live3.hnntv.cn/srs/tv/xwpd.m3u8
海南自贸,海南自贸,https://live.fanmingming.com/tv/海南自贸.png,,https://live3.hnntv.cn/srs/tv/jjpd.m3u8
河南卫视,河南卫视,https://live.fanmingming.com/tv/河南卫视.png,,http://221.210.64.165:2233/hls/48/index.m3u8
河南新闻,河南新闻,https://live.fanmingming.com/tv/河南新闻.png,,https://epg.pw/stream/a0caf795a52bb23d1d59bb721fd67074ece2c5ef334780a4cd35cd63c9e9731a.m3u8
山西公共,山西公共,https://live.fanmingming.com/tv/山西公共.png,,https://epg.pw/stream/d6797d4ddf5574aec69b1a45c4ff2f6ce18bf46f465156618a86da7f41912570.ctv
山西社会,山西社会,https://live.fanmingming.com/tv/山西社会.png,,https://epg.pw/stream/b6fe3a9b438babc7020b3fb449c1ad1030444113bd696064f2e076299e84b904.ctv
山西影视,山西影视,https://live.fanmingming.com/tv/山西影视.png,,https://epg.pw/stream/8ae155d3d07df50891ec8247cd2c0102e44ca97938efb60a8b6082e81c4d65f9.ctv
山西影视,山西影视,https://live.fanmingming.com/tv/山西影视.png,,https://epg.pw/stream/b493ddd1a113751d7924062be602f98313d60185dea9c5ffd516f727300f4a58.m3u8
陕西都市,陕西都市,https://live.fanmingming.com/tv/陕西都市.png,,https://epg.pw/stream/4b5ab67e1e16244226143cde3847c6e7c8e1402906611e48a1f3562b3f709bbf.m3u8
陕西二套,陕西二套,https://live.fanmingming.com/tv/陕西二套.png,,https://epg.pw/stream/9a48327a328bf09def0788dad3314ddaf272f2e80a6914928c05b5191d1aff51.m3u8
陕西公共,陕西公共,https://live.fanmingming.com/tv/陕西公共.png,,https://epg.pw/stream/2002749dd41e07964f7b751bcba54af9db4f6719bc378d0ba6ebb2679f19141b.m3u8
陕西生活,陕西生活,https://live.fanmingming.com/tv/陕西生活.png,,https://epg.pw/stream/2c12e28e6ba573eac012df36133e12fe61903c6c7e5f145618471794e7adf5e1.m3u8
陕西生活,陕西生活,https://live.fanmingming.com/tv/陕西生活.png,,https://epg.pw/stream/edc138c00dc9308002a5dbb9505a80e1f5adac0b142f72f0ab7124c5c42939f7.m3u8
陕西四套,陕西四套,https://live.fanmingming.com/tv/陕西四套.png,,https://epg.pw/stream/fa6efa87bbba360739569897295e1af744919e841c8ce806821a46ddd59dcd2a.m3u8
陕西影视,陕西影视,https://live.fanmingming.com/tv/陕西影视.png,,https://epg.pw/stream/a0dc949f3e65da9ebc2c1d93a1e2fb33cb21e3b4a3c41f2632dcb77f1a80b608.m3u8
陕西影视,陕西影视,https://live.fanmingming.com/tv/陕西影视.png,,https://epg.pw/stream/f3cdf1ddc40c4b8cd8aa92f65945ddb3254a343538aeb01352dee51896b6af1e.m3u8
汕头综合,汕头综合,https://live.fanmingming.com/tv/汕头综合.png,,https://epg.pw/stream/ad47796a356de5d15134763a853151099633faa1189c386264a5084a0529172f.m3u8
汕头综合,汕头综合,https://live.fanmingming.com/tv/汕头综合.png,,https://sttv-tsl.cutv.com/lKGXIQa/17slxG0.m3u8
八大戏剧台,八大戏剧台,https://live.fanmingming.com/tv/八大戏剧台.png,,http://61.221.215.25:8800/hls/39/index.m3u8
三立戏剧台,三立戏剧台,https://live.fanmingming.com/tv/三立戏剧台.png,,http://61.221.215.25:8800/hls/41/index.m3u8
AMC电影,AMC电影,https://live.fanmingming.com/tv/AMC电影.png,,http://61.221.215.25:8800/hls/43/index.m3u8
纬来精采,纬来精采,https://live.fanmingming.com/tv/纬来精采.png,,http://61.221.215.25:8800/hls/48/index.m3u8
NHK,NHK,https://live.fanmingming.com/tv/NHK.png,,http://61.221.215.25:8800/hls/51/index.m3u8
八大综合,八大综合,https://live.fanmingming.com/tv/八大综合.png,,http://61.221.215.25:8800/hls/56/index.m3u8
八大第一,八大第一,https://live.fanmingming.com/tv/八大第一.png,,http://61.221.215.25:8800/hls/55/index.m3u8
翡翠台,翡翠台,https://live.fanmingming.com/tv/翡翠台.png,,http://tvdrs.wsrtv.com.cn:8100/channellive/ch1.flv
环球电视,环球电视,https://live.fanmingming.com/tv/环球电视.png,,http://zb.xzxwhcb.com:9999/hls/world.m3u8
半岛新闻,半岛新闻,https://live.fanmingming.com/tv/半岛新闻.png,,http://live-hls-web-aja.getaj.net/AJA/02.m3u8
KBS WORLD,KBS WORLD,https://live.fanmingming.com/tv/KBS WORLD.png,,https://kbsworld-ott.akamaized.net/hls/live/2002341/kbsworld/01.m3u8
KBS WORLD,KBS WORLD,https://live.fanmingming.com/tv/KBS WORLD.png,,https://kbsworld-ott.akamaized.net/hls/live/2002341/kbsworld/master.m3u8
KBS World,KBS World,https://live.fanmingming.com/tv/KBS World.png,,https://kbsworld-ott.akamaized.net:443/hls/live/2002341/kbsworld/01.m3u8
RTHK31,RTHK31,https://live.fanmingming.com/tv/RTHK31.png,,https://epg.pw/stream/1c238ea740fa7e46808b5a69907a6a8644c7f350a10a0e70647e74e2573ea87f.m3u8
RTHK31,RTHK31,https://live.fanmingming.com/tv/RTHK31.png,,https://epg.pw/stream/cabd18457f278cda40ac160bccabf77a6b0ad341e50a00bd62620d78819dd220.m3u8
FOX NEWS,FOX NEWS,https://live.fanmingming.com/tv/FOX NEWS.png,,https://fox-foxnewsnow-vizio.amagi.tv/playlist.m3u8
FOX NEWS,FOX NEWS,https://live.fanmingming.com/tv/FOX NEWS.png,,https://247preview.foxnews.com/hls/live/2020027/fncv3preview/primary.m3u8
FOX NEWS,FOX NEWS,https://live.fanmingming.com/tv/FOX NEWS.png,,https://cdn-ue1-prod.tsv2.amagi.tv/linear/samsungus-fox-newsnow-samsung/playlist.m3u8
ABC NEWS,ABC NEWS,https://live.fanmingming.com/tv/ABC NEWS.png,,https://abcnews-streams.akamaized.net/hls/live/2023560/abcnews1/master.m3u8
BBC NEWS ARABIA,BBC NEWS ARABIA,https://live.fanmingming.com/tv/BBC NEWS ARABIA.png,,https://vs-hls-pushb-ww-live.akamaized.net/x=4/i=urn:bbc:pips:service:bbc_arabic_tv/t=3840/v=pv14/b=5070016/main.m3u8
CNN Prima News,CNN Prima News,https://live.fanmingming.com/tv/CNN Prima News.png,,https://prima-ott-live.ssl.cdn.cra.cz/channels/prima_cnn/playlist/cze/live_hd.m3u8?offsetSeconds=0&url=0
MBC TV,MBC TV,https://live.fanmingming.com/tv/MBC TV.png,,http://123.254.72.24:1935/tvlive/livestream2/playlist.m3u8
ABC News,ABC News,https://live.fanmingming.com/tv/ABC News.png,,https://content.uplynk.com/channel/3324f2467c414329b3b0cc5cd987b6be.m3u8
CBS News,CBS News,https://live.fanmingming.com/tv/CBS News.png,,https://cbsnews.akamaized.net/hls/live/2020607/cbsnlineup_8/master.m3u8
NASA TV Public,NASA TV Public,https://live.fanmingming.com/tv/NASA TV Public.png,,https://ntv1.akamaized.net/hls/live/2014075/NASA-NTV1-HLS/master_2000.m3u8
NASA TV Media,NASA TV Media,https://live.fanmingming.com/tv/NASA TV Media.png,,https://ntv2.akamaized.net/hls/live/2013923/NASA-NTV2-HLS/master.m3u8
Sky News العربية,Sky News العربية,https://live.fanmingming.com/tv/Sky News العربية.png,,https://stream.skynewsarabia.com/hls/sna.m3u8
NBC NEWS,NBC NEWS,https://live.fanmingming.com/tv/NBC NEWS.png,,https://d2ww7x6333b6qp.cloudfront.net/10507/88886006/hls/master.m3u8?ads.xumo_channelId=88886006
Al Jazeera,Al Jazeera,https://live.fanmingming.com/tv/Al Jazeera.png,,https://live-hls-web-aje.getaj.net/AJE/index.m3u8
ABC News Live,ABC News Live,https://live.fanmingming.com/tv/ABC News Live.png,,https://lnc-abc-news.tubi.video/index.m3u8
LiveNOW from FOX,LiveNOW from FOX,https://live.fanmingming.com/tv/LiveNOW from FOX.png,,https://lnc-fox-live-now.tubi.video/index.m3u8
i24 News,i24 News,https://live.fanmingming.com/tv/i24 News.png,,https://bcovlive-a.akamaihd.net/6e3dd61ac4c34d6f8fb9698b565b9f50/eu-central-1/5377161796001/playlist-all_dvr.m3u8
Scripps News,Scripps News,https://live.fanmingming.com/tv/Scripps News.png,,https://content.uplynk.com/channel/4bb4901b934c4e029fd4c1abfc766c37.m3u8
Sky News Now (AU),Sky News Now (AU),https://live.fanmingming.com/tv/Sky News Now (AU).png,,https://i.mjh.nz/sky-news-now.m3u8
Global News,Global News,https://live.fanmingming.com/tv/Global News.png,,https://live.corusdigitaldev.com/groupd/live/49a91e7f-1023-430f-8d66-561055f3d0f7/live.isml/.m3u8
Russia Today Ⓖ,Russia Today Ⓖ,https://live.fanmingming.com/tv/Russia Today Ⓖ.png,,https://rt-glb.rttv.com/live/rtnews/playlist.m3u8
CNN International,CNN International,https://live.fanmingming.com/tv/CNN International.png,,https://cnn-cnninternational-1-eu.rakuten.wurl.tv/playlist.m3u8
NBC NEWS,NBC NEWS,https://live.fanmingming.com/tv/NBC NEWS.png,,https://d2gjhy8g9ziabr.cloudfront.net/v1/master/3fec3e5cac39a52b2132f9c66c83dae043dc17d4/prod-samsungtvplus-stitched/samsungtvplus_ca_nbcnewsnow_001.m3u8
SKY NEWS AUSTRALIA,SKY NEWS AUSTRALIA,https://live.fanmingming.com/tv/SKY NEWS AUSTRALIA.png,,https://amg00663-skynews-skynewsau-samsungau-r7n40.amagi.tv/playlist/amg00663-skynews-skynewsau-samsungau/playlist.m3u8
CNA,CNA,https://live.fanmingming.com/tv/CNA.png,,https://d2e1asnsl7br7b.cloudfront.net/7782e205e72f43aeb4a48ec97f66ebbe/index_5.m3u8
AlJazeera,AlJazeera,https://live.fanmingming.com/tv/AlJazeera.png,,http://live-hls-web-aje.getaj.net/AJE/01.m3u8
Arirang TV,Arirang TV,https://live.fanmingming.com/tv/Arirang TV.png,,https://amdlive-ch01-ctnd-com.akamaized.net/arirang_1ch/smil:arirang_1ch.smil/chunklist_b3256000_sleng.m3u8
RT Español,RT Español,https://live.fanmingming.com/tv/RT Español.png,,https://edge.xn--tbnespaa-j3a.es/LiveApp/streams/tbnlive.m3u8
RT Français,RT Français,https://live.fanmingming.com/tv/RT Français.png,,https://rt-fra.rttv.com/live/rtfrance/playlist.m3u8
RT Arabic,RT Arabic,https://live.fanmingming.com/tv/RT Arabic.png,,https://rt-arb.rttv.com/dvr/rtarab/playlist.m3u8
RT DE,RT DE,https://live.fanmingming.com/tv/RT DE.png,,https://rt-ger.rttv.com/dvr/rtdeutsch/playlist.m3u8
RT Documentary,RT Documentary,https://live.fanmingming.com/tv/RT Documentary.png,,https://rt-rtd.rttv.com/live/rtdoc/playlist_4500Kb.m3u8
RT Doc-Русский,RT Doc-Русский,https://live.fanmingming.com/tv/RT Doc-Русский.png,,https://hls.rt.com/hls/rtdru360.m3u8
日本新闻,日本新闻,https://live.fanmingming.com/tv/日本新闻.png,,https://n24-cdn-live.ntv.co.jp/ch01/index_high.m3u8
NBC News,NBC News,https://live.fanmingming.com/tv/NBC News.png,,https://i.mjh.nz/SamsungTVPlus/CAAJ2700011IF.m3u8
News 12 New York,News 12 New York,https://live.fanmingming.com/tv/News 12 New York.png,,https://lnc-news12.tubi.video/index.m3u8
FOX News,FOX News,https://live.fanmingming.com/tv/FOX News.png,,https://fox-foxnewsnow-samsungus.amagi.tv/playlist.m3u8
Fox Weather,Fox Weather,https://live.fanmingming.com/tv/Fox Weather.png,,https://247wlive.foxweather.com/stream/index_1280x720.m3u8
CNN,CNN,https://live.fanmingming.com/tv/CNN.png,,https://i.mjh.nz/SamsungTVPlus/GBBD8000016N.m3u8
BBC,BBC,https://live.fanmingming.com/tv/BBC.png,,https://i.mjh.nz/SamsungTVPlus/US4000033L.m3u8
SKY NEWS,SKY NEWS,https://live.fanmingming.com/tv/SKY NEWS.png,,https://i.mjh.nz/SamsungTVPlus/USBB52000022Q.m3u8
凤凰香港,凤凰香港,https://live.fanmingming.com/tv/凤凰香港.png,,http://116.162.6.192/1.v.smtcdns.net/qctv.fengshows.cn/live/0701phk72.m3u8
凤凰卫视,凤凰卫视,https://live.fanmingming.com/tv/凤凰卫视.png,,http://223.109.210.41/1301tx.otvstream.otvcloud.com/otv/skcc/live/channel52003/index.m3u8
凤凰资讯,凤凰资讯,https://live.fanmingming.com/tv/凤凰资讯.png,,http://223.109.210.41/1301tx.otvstream.otvcloud.com/otv/skcc/live/channel52002/index.m3u8
凤凰卫视,凤凰卫视,https://live.fanmingming.com/tv/凤凰卫视.png,,http://116.162.6.191/zycfcdn.gdwlcloud.com/PLTV/88888888/224/3221226317/index.m3u8
凤凰资讯,凤凰资讯,https://live.fanmingming.com/tv/凤凰资讯.png,,http://116.162.6.191/zycfcdn.gdwlcloud.com/PLTV/88888888/224/3221226320/index.m3u8
凤凰资讯,凤凰资讯,https://live.fanmingming.com/tv/凤凰资讯.png,,http://playtv-live.ifeng.com/live/06OLEEWQKN4.m3u8
凤凰资讯,凤凰资讯,https://live.fanmingming.com/tv/凤凰资讯.png,,http://113.64.147.68:8081/hls/36/index.m3u8
凤凰香港,凤凰香港,https://live.fanmingming.com/tv/凤凰香港.png,,http://extraott.com:80/live/7921751389/6097373662/62816.m3u8
凤凰香港,凤凰香港,https://live.fanmingming.com/tv/凤凰香港.png,,http://113.64.147.68:8081/hls/38/index.m3u8
凤凰卫视,凤凰卫视,https://live.fanmingming.com/tv/凤凰卫视.png,,http://113.64.147.68:8081/hls/37/index.m3u8
凤凰卫视,凤凰卫视,https://live.fanmingming.com/tv/凤凰卫视.png,,http://120.41.124.228:8888/rtp/239.61.2.183:9086
凤凰卫视,凤凰卫视,https://live.fanmingming.com/tv/凤凰卫视.png,,http://113.64.145.195:8081/hls/37/index.m3u8
凤凰卫视,凤凰卫视,https://live.fanmingming.com/tv/凤凰卫视.png,,http://playflive.ifeng.com/live/06OLEGEGM4G.m3u8
凤凰卫视,凤凰卫视,https://live.fanmingming.com/tv/凤凰卫视.png,,http://php.17186.eu.org/phtv/fhzw.m3u8
凤凰卫视,凤凰卫视,https://live.fanmingming.com/tv/凤凰卫视.png,,http://r.jdshipin.com/cCCzW
凤凰卫视,凤凰卫视,https://live.fanmingming.com/tv/凤凰卫视.png,,http://1b6467f415.iok.la:9931/tsfile/live/1037_1.m3u8
凤凰卫视,凤凰卫视,https://live.fanmingming.com/tv/凤凰卫视.png,,http://103.95.24.37:880/fhws.m3u8
凤凰资讯,凤凰资讯,https://live.fanmingming.com/tv/凤凰资讯.png,,http://171.108.239.77:8181/tsfile/live/1024_1.m3u8
凤凰资讯,凤凰资讯,https://live.fanmingming.com/tv/凤凰资讯.png,,http://113.64.145.195:8081/hls/36/index.m3u8
凤凰资讯,凤凰资讯,https://live.fanmingming.com/tv/凤凰资讯.png,,http://playflive.ifeng.com/live/06OLEEWQKN4.m3u8
凤凰资讯,凤凰资讯,https://live.fanmingming.com/tv/凤凰资讯.png,,http://php.17186.eu.org/phtv/fhzx.m3u8
凤凰资讯,凤凰资讯,https://live.fanmingming.com/tv/凤凰资讯.png,,http://r.jdshipin.com/0Rp07
凤凰资讯,凤凰资讯,https://live.fanmingming.com/tv/凤凰资讯.png,,http://61.221.81.93:8078/hls/20/80/phoenixif.m3u8
凤凰资讯,凤凰资讯,https://live.fanmingming.com/tv/凤凰资讯.png,,http://198.16.100.90:8278/phoenixinfo_hd/playlist.m3u8?tid=MC1C1591244615912446&ct=19225&tsum=a4fd6441d252c98ea603b13ef749a84e
凤凰资讯,凤凰资讯,https://live.fanmingming.com/tv/凤凰资讯.png,,http://162.19.247.76:22222/live/fenghuangzhixun/index.m3u8
凤凰资讯,凤凰资讯,https://live.fanmingming.com/tv/凤凰资讯.png,,http://171.108.239.77:8181/tsfile/live/1024_1.m3u8?key=txiptv&playlive=1&authid=0
凤凰资讯,凤凰资讯,https://live.fanmingming.com/tv/凤凰资讯.png,,http://121.24.99.191:8090/hls/70/index.m3u8
凤凰资讯,凤凰资讯,https://live.fanmingming.com/tv/凤凰资讯.png,,http://171.110.43.97:8181/tsfile/live/1001_1.m3u8?key=txiptv&playlive=1&authid=0
凤凰资讯,凤凰资讯,https://live.fanmingming.com/tv/凤凰资讯.png,,http://183.204.13.237/cee7354084e908e7d71a99f88ecd0c61.v.smtcdns.net/qctv.fengshows.cn/live/0701pin72.m3u8
凤凰资讯,凤凰资讯,https://live.fanmingming.com/tv/凤凰资讯.png,,http://171.108.239.95:8181/tsfile/live/1024_1.m3u8?key=txiptv&playlive=1&authid=0
凤凰资讯,凤凰资讯,https://live.fanmingming.com/tv/凤凰资讯.png,,http://103.95.24.37:880/fhzx.m3u8
凤凰资讯,凤凰资讯,https://live.fanmingming.com/tv/凤凰资讯.png,,http://113.64.145.91:8081/hls/36/index.m3u8
凤凰香港,凤凰香港,https://live.fanmingming.com/tv/凤凰香港.png,,http://113.64.145.195:8081/hls/38/index.m3u8
凤凰香港,凤凰香港,https://live.fanmingming.com/tv/凤凰香港.png,,http://extraott.com:80/live/7921751389/6097373662/62822.m3u8
凤凰香港,凤凰香港,https://live.fanmingming.com/tv/凤凰香港.png,,http://113.64.145.91:8081/hls/38/index.m3u8
凤凰香港,凤凰香港,https://live.fanmingming.com/tv/凤凰香港.png,,http://r.jdshipin.com/yDoTN
凤凰香港,凤凰香港,https://live.fanmingming.com/tv/凤凰香港.png,,http://php.17186.eu.org/phtv/fhhk.m3u8
凤凰香港,凤凰香港,https://live.fanmingming.com/tv/凤凰香港.png,,http://171.108.239.77:8181/tsfile/live/1025_1.m3u8?key=txiptv&playlive=1&authid=0
凤凰香港,凤凰香港,https://live.fanmingming.com/tv/凤凰香港.png,,http://171.110.43.97:8181/tsfile/live/1005_1.m3u8?key=txiptv&playlive=1&authid=0
凤凰香港,凤凰香港,https://live.fanmingming.com/tv/凤凰香港.png,,http://171.108.239.95:8181/tsfile/live/1025_1.m3u8?key=txiptv&playlive=1&authid=0
凤凰香港,凤凰香港,https://live.fanmingming.com/tv/凤凰香港.png,,http://103.95.24.37:880/fhxgt.m3u8
凤凰卫视,凤凰卫视,https://live.fanmingming.com/tv/凤凰卫视.png,,http://171.110.43.97:8181/tsfile/live/1009_1.m3u8?key=txiptv&playlive=1&authid=0
凤凰卫视,凤凰卫视,https://live.fanmingming.com/tv/凤凰卫视.png,,http://extraott.com:80/live/7921751389/6097373662/62830.m3u8
翡翠台,翡翠台,https://live.fanmingming.com/tv/翡翠台.png,,http://1b6467f415.iok.la:9931/tsfile/live/1007_1.m3u8
翡翠台,翡翠台,https://live.fanmingming.com/tv/翡翠台.png,,http://m.glx008.com:8000/bysid/1.m3u8
翡翠台,翡翠台,https://live.fanmingming.com/tv/翡翠台.png,,http://zsntlqj.xicp.net:8895/bysid/1.m3u8
翡翠台,翡翠台,https://live.fanmingming.com/tv/翡翠台.png,,http://113.83.152.61:1936/bysid/1.m3u8
翡翠台,翡翠台,https://live.fanmingming.com/tv/翡翠台.png,,http://grandprix2023.asuscomm.com:8889/bysid/1.m3u8
翡翠台,翡翠台,https://live.fanmingming.com/tv/翡翠台.png,,http://nz171l122.bb60246.ctm.net:8889/bysid/1.m3u8
翡翠台,翡翠台,https://live.fanmingming.com/tv/翡翠台.png,,http://36.36.200.212:9901/tsfile/live/1008_1.m3u8?key=txiptv&url=tvzb.com
翡翠台,翡翠台,https://live.fanmingming.com/tv/翡翠台.png,,http://107.167.12.58:27347/livehttpplay?channel_id=30025
翡翠台,翡翠台,https://live.fanmingming.com/tv/翡翠台.png,,http://107.167.12.58:27347/livehttpplay?channel_id=20127
翡翠台,翡翠台,https://live.fanmingming.com/tv/翡翠台.png,,http://107.167.12.58:27347/livehttpplay?channel_id=20124J2
翡翠台,翡翠台,https://live.fanmingming.com/tv/翡翠台.png,,http://198.16.100.90:8278/jade_twn/playlist.m3u8?tid=MA3A7166615971666159&ct=19226&tsum=abeff4c5d0d1ad10147a21ebc6cc5182
翡翠台,翡翠台,https://live.fanmingming.com/tv/翡翠台.png,,http://113.117.74.12:8081/hls/25/index.m3u8
翡翠台,翡翠台,https://live.fanmingming.com/tv/翡翠台.png,,http://198.16.100.90:8278/jade_twn/playlist.m3u8?tid=MDAD1890217018902170&ct=19249&tsum=36346362d72a1e85802fa5d3eee3861c
明珠台,明珠台,https://live.fanmingming.com/tv/明珠台.png,,http://1b6467f415.iok.la:9931/tsfile/live/1009_1.m3u8
明珠台,明珠台,https://live.fanmingming.com/tv/明珠台.png,,http://zsntlqj.xicp.net:8896/bysid/2.m3u8
明珠台,明珠台,https://live.fanmingming.com/tv/明珠台.png,,http://113.83.152.61:1935/bysid/2.m3u8
明珠台,明珠台,https://live.fanmingming.com/tv/明珠台.png,,http://grandprix2023.asuscomm.com:8892/bysid/2.m3u8
明珠台,明珠台,https://live.fanmingming.com/tv/明珠台.png,,http://nz171l122.bb60246.ctm.net:8892/bysid/2.m3u8
明珠台,明珠台,https://live.fanmingming.com/tv/明珠台.png,,http://r.jdshipin.com/ZQ4kN
明珠台,明珠台,https://live.fanmingming.com/tv/明珠台.png,,http://36.36.200.212:9901/tsfile/live/1009_1.m3u8?key=txiptv&url=tvzb.com
明珠台,明珠台,https://live.fanmingming.com/tv/明珠台.png,,http://107.167.12.58:27347/livehttpplay?channel_id=30026
明珠台,明珠台,https://live.fanmingming.com/tv/明珠台.png,,http://107.167.12.58:27347/livehttpplay?channel_id=20125
明珠台,明珠台,https://live.fanmingming.com/tv/明珠台.png,,http://113.117.74.12:8081/hls/26/index.m3u8
明珠台,明珠台,https://live.fanmingming.com/tv/明珠台.png,,http://198.16.100.90:8278/pearl_twn/playlist.m3u8?tid=MC6C7041327570413275&ct=19226&tsum=681972baf66d69caf7cccc92a90e5aad
三立台湾,三立台湾,https://live.fanmingming.com/tv/三立台湾.png,,http://extraott.com:80/live/7921751389/6097373662/5505.m3u8
Fox,Fox,https://live.fanmingming.com/tv/Fox.png,,https://fox-foxnewsnow-samsungus.amagi.tv/playlist720p.m3u8
半岛新闻,半岛新闻,https://live.fanmingming.com/tv/半岛新闻.png,,https://live-hls-web-aje.getaj.net/AJE/02.m3u8?zshijdp
CNA,CNA,https://live.fanmingming.com/tv/CNA.png,,https://d2e1asnsl7br7b.cloudfront.net/7782e205e72f43aeb4a48ec97f66ebbe/index_3.m3u8
CNA,CNA,https://live.fanmingming.com/tv/CNA.png,,https://d2e1asnsl7br7b.cloudfront.net/7782e205e72f43aeb4a48ec97f66ebbe/index_4.m3u8
凤凰中文,凤凰中文,https://live.fanmingming.com/tv/凤凰中文.png,,http://116.162.6.191/1301-txt.otvstream.otvcloud.com/otv/skcc/live/channel52003/index.m3u8
凤凰中文,凤凰中文,https://live.fanmingming.com/tv/凤凰中文.png,,http://1eec15.netsite.cc/proxy/1846789161/1846789161.m3u8
凤凰资讯,凤凰资讯,https://live.fanmingming.com/tv/凤凰资讯.png,,http://116.162.6.191/1301-txt.otvstream.otvcloud.com/otv/skcc/live/channel52002/index.m3u8
凤凰香港,凤凰香港,https://live.fanmingming.com/tv/凤凰香港.png,,https://epg.pw/stream/af200edb390eccb6bd2710d91f2d129e2fa16a7ec32f42733606bbd126b434c0.m3u8
翡翠台,翡翠台,https://live.fanmingming.com/tv/翡翠台.png,,https://cloudfront41.lexanetwork.com:1344/relay01/livestream002.sdp/playlist.m3u8
翡翠台,翡翠台,https://live.fanmingming.com/tv/翡翠台.png,,http://162.244.81.145:3333/live/telebostonrtb/playlist.m3u8
TVB星河,TVB星河,https://live.fanmingming.com/tv/TVB星河.png,,https://edge6a.v2h-cdn.com/xinghe/xinghe.stream/chunklist.m3u8
TVB J1,TVB J1,https://live.fanmingming.com/tv/TVB J1.png,,https://bcovlive-a.akamaihd.net/e360e3f9895c4fae99b133ec8dc20f01/us-west-2/5324042807001/4a3bca5b047b4564b18bb12dfa26ba62/playlist_ssaiM.m3u8
TVB Live Show,TVB Live Show,https://live.fanmingming.com/tv/TVB Live Show.png,,https://edge6a.v2h-cdn.com/liveshow/liveshow.stream/playlist.m3u8
TVB娱乐新闻,TVB娱乐新闻,https://live.fanmingming.com/tv/TVB娱乐新闻.png,,https://edge6a.v2h-cdn.com/enew/enew.stream/chunklist.m3u8
TVB Thai,TVB Thai,https://live.fanmingming.com/tv/TVB Thai.png,,https://edge6a.v2h-cdn.com/tvb_thai/tvb_thai.stream/playlist.m3u8
亚洲武侠,亚洲武侠,https://live.fanmingming.com/tv/亚洲武侠.png,,https://edge6a.v2h-cdn.com/asia_action/asia_action.stream/chunklist.m3u8
有线新闻台,有线新闻台,https://live.fanmingming.com/tv/有线新闻台.png,,http://61.10.2.141/live_freedirect/freehd209_h.live/playlist.m3u
澳门莲花,澳门莲花,https://live.fanmingming.com/tv/澳门莲花.png,,https://cdn1.skygo.mn/live/disk1/Lotus/HLS-FTA/Lotus.m3u8
澳门莲花,澳门莲花,https://live.fanmingming.com/tv/澳门莲花.png,,http://ali.hlspull.yximgs.com/live/huanqiuhklivejejcxlvofbncvshhjsjcvndcbvdbneyjhxchjjhbnjjhjejjmlh.flv
东森电影台,东森电影台,https://live.fanmingming.com/tv/东森电影台.png,,http://38.64.72.148:80/hls/modn/list/2013/chunklist1.m3u8
东森电影台,东森电影台,https://live.fanmingming.com/tv/东森电影台.png,,https://epg.pw/stream/05c7791a4d1db7ba680c3134464550eadb3c82b5fc870c210f38366804382de7.m3u8
好莱坞电影轮播,好莱坞电影轮播,https://live.fanmingming.com/tv/好莱坞电影轮播.png,,https://pull.kktv8.com/livekktv/128600025.flv
龙华电影台,龙华电影台,https://live.fanmingming.com/tv/龙华电影台.png,,https://epg.pw/stream/40b36f22bc200d2eccafe911754659c0d0414655094c7299bb16932754de1130.m3u8
美亚电影台,美亚电影台,https://live.fanmingming.com/tv/美亚电影台.png,,https://epg.pw/stream/f756fd481d421b861ac431717c303e200b697ff47eb789065645f8b61f67a264.m3u8
美亚电影台,美亚电影台,https://live.fanmingming.com/tv/美亚电影台.png,,https://epg.pw/stream/3a784e35be6bd74c855757e59bd3b78631bac4016a32e5dc0bc4ae4908243a33.m3u8
民视新闻,民视新闻,https://live.fanmingming.com/tv/民视新闻.png,,http://38.64.72.148:80/hls/modn/list/4012/chunklist1.m3u8
TVBS亚洲,TVBS亚洲,https://live.fanmingming.com/tv/TVBS亚洲.png,,http://38.64.72.148:80/hls/modn/list/4005/chunklist1.m3u8
台视新闻,台视新闻,https://live.fanmingming.com/tv/台视新闻.png,,http://38.64.72.148:80/hls/modn/list/4013/chunklist1.m3u8
Love Nature,Love Nature,https://live.fanmingming.com/tv/Love Nature.png,,http://143.244.60.30/LOVE_NATURE/index.m3u8
斗鱼电影轮播1,斗鱼电影轮播1,https://live.fanmingming.com/tv/斗鱼电影轮播1.png,,https://tc-tc2-interact.douyucdn2.cn/dyliveflv1a/122402rK7MO9bXSq_900.m3u8
斗鱼电影轮播2,斗鱼电影轮播2,https://live.fanmingming.com/tv/斗鱼电影轮播2.png,,https://tc-tc2-interact.douyucdn2.cn/dyliveflv1/85894rmovieChow_900p.m3u8
NHK World,NHK World,https://live.fanmingming.com/tv/NHK World.png,,https://nhkwlive-ojp.akamaized.net/hls/live/2003459/nhkwlive-ojp-en/index.m3u8
Russia Today 俄罗斯,Russia Today 俄罗斯,https://live.fanmingming.com/tv/Russia Today 俄罗斯.png,,https://rt-glb.rttv.com/dvr/rtnews/playlist.m3u8
Russia Today Documentary 俄罗斯,Russia Today Documentary 俄罗斯,https://live.fanmingming.com/tv/Russia Today Documentary 俄罗斯.png,,https://rt-rtd.rttv.com/dvr/rtdoc/playlist.m3u8
神州新闻台,神州新闻台,https://live.fanmingming.com/tv/神州新闻台.png,,https://edge6a.v2h-cdn.com/mainland/mainland.stream/chunklist.m3u8
Action Movie,Action Movie,https://live.fanmingming.com/tv/Action Movie.png,,http://51.159.104.29:8080/action/index.m3u8
aMC 电影,aMC 电影,https://live.fanmingming.com/tv/aMC 电影.png,,https://5def33c73f084e11a19ca77697d6b413.mediatailor.us-east-1.amazonaws.com/v1/master/44f73ba4d03e9607dcd9bebdcb8494d86964f1d8/Plex_AMCPresents/playlist.m3u8
AMC Thrillers 电影,AMC Thrillers 电影,https://live.fanmingming.com/tv/AMC Thrillers 电影.png,,https://436f59579436473e8168284cac5d725f.mediatailor.us-east-1.amazonaws.com/v1/master/44f73ba4d03e9607dcd9bebdcb8494d86964f1d8/Plex_RushByAMC/playlist.m3u8
Asiancrush 亚洲电影,Asiancrush 亚洲电影,https://live.fanmingming.com/tv/Asiancrush 亚洲电影.png,,https://amg01201-cinedigmenterta-asiancrush-cineverse-x701o.amagi.tv/playlist/amg01201-cinedigmenterta-asiancrush-cineverse/playlist.m3u8
Filmstream 电影,Filmstream 电影,https://live.fanmingming.com/tv/Filmstream 电影.png,,https://spi-filmstream-1-eu.rakuten.wurl.tv/playlist.m3u8
HBO,HBO,https://live.fanmingming.com/tv/HBO.png,,http://41.205.93.154/HBO/index.m3u8
HBO,HBO,https://live.fanmingming.com/tv/HBO.png,,http://162.244.81.145:3333/live//telebostonrtb/playlist.m3u8
HBO HD,HBO HD,https://live.fanmingming.com/tv/HBO HD.png,,https://s.vdo.ai/vhs/1.m3u8
HBO Mundi,HBO Mundi,https://live.fanmingming.com/tv/HBO Mundi.png,,https://cdnhd.iblups.com/hls/DD3nXkAkWk.m3u8
HBO Xtreme SD,HBO Xtreme SD,https://live.fanmingming.com/tv/HBO Xtreme SD.png,,http://livestreamcdn.net:1935/ExtremaTV/ExtremaTV/playlist.m3u8
MOVIE BOX,MOVIE BOX,https://live.fanmingming.com/tv/MOVIE BOX.png,,https://cdn1.skygo.mn/live/disk1/Moviebox/HLS-FTA/Moviebox.m3u8
MOVIE SPHERE,MOVIE SPHERE,https://live.fanmingming.com/tv/MOVIE SPHERE.png,,https://moviesphereuk-samsunguk.amagi.tv/playlist.m3u8
My Time Movie Network,My Time Movie Network,https://live.fanmingming.com/tv/My Time Movie Network.png,,https://mytime-tcl.amagi.tv/playlist288-p.m3u8
New Movies 韩国电影,New Movies 韩国电影,https://live.fanmingming.com/tv/New Movies 韩国电影.png,,https://bd281c27a16f4a7fb4a88260378e8082.mediatailor.us-east-1.amazonaws.com/v1/master/44f73ba4d03e9607dcd9bebdcb8494d86964f1d8/Samsung_NewMovies/playlist.m3u8
New Movies 韩国电影,New Movies 韩国电影,https://live.fanmingming.com/tv/New Movies 韩国电影.png,,https://7732c5436342497882363a8cd14ceff4.mediatailor.us-east-1.amazonaws.com/v1/master/04fd913bb278d8775298c26fdca9d9841f37601f/Plex_NewMovies/playlist.m3u8
Rakuten Action Movies,Rakuten Action Movies,https://live.fanmingming.com/tv/Rakuten Action Movies.png,,https://rakuten-Actionmovies-1-eu.rakuten.wurl.tv/playlist.m3u8
Rakuten Action Movies,Rakuten Action Movies,https://live.fanmingming.com/tv/Rakuten Action Movies.png,,https://rakuten-actionmovies-1-eu.rakuten.wurl.tv/playlist.m3u8
Rakuten Action Movies,Rakuten Action Movies,https://live.fanmingming.com/tv/Rakuten Action Movies.png,,https://rakuten-actionmovies-1-gb.samsung.wurl.tv/3000.m3u8
Rakuten Action Movies,Rakuten Action Movies,https://live.fanmingming.com/tv/Rakuten Action Movies.png,,https://rakuten-actionmovies-7-eu.rakuten.wurl.tv/playlist.m3u8
Rakuten Action Movies,Rakuten Action Movies,https://live.fanmingming.com/tv/Rakuten Action Movies.png,,https://rakuten-actionmovies-7-fr.samsung.wurl.tv/playlist.m3u8
Rakuten Action Movies,Rakuten Action Movies,https://live.fanmingming.com/tv/Rakuten Action Movies.png,,https://rakuten-actionmovies-3-eu.rakuten.wurl.tv/playlist.m3u8
Rakuten Comedy Movies,Rakuten Comedy Movies,https://live.fanmingming.com/tv/Rakuten Comedy Movies.png,,https://rakuten-comedymovies-1-eu.rakuten.wurl.tv/playlist.m3u8
Rakuten Comedy Movies,Rakuten Comedy Movies,https://live.fanmingming.com/tv/Rakuten Comedy Movies.png,,https://rakuten-comedymovies-1-gb.samsung.wurl.tv/3000.m3u8
Rakuten Comedy Movies,Rakuten Comedy Movies,https://live.fanmingming.com/tv/Rakuten Comedy Movies.png,,https://rakuten-comedymovies-7-eu.rakuten.wurl.tv/playlist.m3u8
Rakuten Comedy Movies,Rakuten Comedy Movies,https://live.fanmingming.com/tv/Rakuten Comedy Movies.png,,https://rakuten-comedymovies-7-fr.samsung.wurl.tv/playlist.m3u8
Rakuten Family Movies,Rakuten Family Movies,https://live.fanmingming.com/tv/Rakuten Family Movies.png,,https://rakuten-family-1-eu.rakuten.wurl.tv/playlist.m3u8
Rakuten Family Movies,Rakuten Family Movies,https://live.fanmingming.com/tv/Rakuten Family Movies.png,,https://rakuten-family-16-be.samsung.wurl.tv/playlist.m3u8
Rakuten Family Movies,Rakuten Family Movies,https://live.fanmingming.com/tv/Rakuten Family Movies.png,,https://rakuten-family-7-fr.samsung.wurl.tv/playlist.m3u8
Rakuten Top Movies,Rakuten Top Movies,https://live.fanmingming.com/tv/Rakuten Top Movies.png,,https://rakuten-topfree-7-eu.rakuten.wurl.tv/playlist.m3u8
Spotlight 电影,Spotlight 电影,https://live.fanmingming.com/tv/Spotlight 电影.png,,https://spotlight-redbox.amagi.tv/hls/amagi_hls_data_redboxAAA-spotlight/CDN/playlist.m3u8
山西影视,山西影视,https://live.fanmingming.com/tv/山西影视.png,,http://liveflash.sxrtv.com/live/sxfilm.m3u8?sub_m3u8=true&edge_slice=true
功夫电影,功夫电影,https://live.fanmingming.com/tv/功夫电影.png,,https://stream-us-east-1.getpublica.com/playlist.m3u8?network_id=42
浙江影视娱乐,浙江影视娱乐,https://live.fanmingming.com/tv/浙江影视娱乐.png,,https://ali-m-l.cztv.com/channels/lantian/channel005/1080p.m3u8
Indonesiana.TV,Indonesiana.TV,https://live.fanmingming.com/tv/Indonesiana.TV.png,,https://dgwubfppws111.cloudfront.net/out/v1/667a86e35ddd496c886fa11598dc184d/index.m3u8
Rodja TV,Rodja TV,https://live.fanmingming.com/tv/Rodja TV.png,,https://rodjatv.com/rodjatv/live.m3u8
TVRI Nasional,TVRI Nasional,https://live.fanmingming.com/tv/TVRI Nasional.png,,https://ott-balancer.tvri.go.id/live/eds/Nasional/hls/Nasional.m3u8
TVRI World,TVRI World,https://live.fanmingming.com/tv/TVRI World.png,,https://ott-balancer.tvri.go.id/live/eds/TVRIWorld/hls/TVRIWorld.m3u8
VTV,VTV,https://live.fanmingming.com/tv/VTV.png,,https://flv.intechmedia.net/live/ch107.m3u8
LOVENATURE,LOVENATURE,https://live.fanmingming.com/tv/LOVENATURE.png,,https://d18dyiwu97wm6q.cloudfront.net/playlist2160p.m3u8
东森新闻,东森新闻,https://live.fanmingming.com/tv/东森新闻.png,,http://38.64.72.148:80/hls/modn/list/2015/chunklist0.m3u8
凤凰中文,凤凰中文,https://live.fanmingming.com/tv/凤凰中文.png,,http://playtv-live.ifeng.com/live/06OLEGEGM4G.m3u8
亞太第一衛視綜合頻道,亞太第一衛視綜合頻道,https://live.fanmingming.com/tv/亞太第一衛視綜合頻道.png,,http://play2.one-tv.com/live/onetv.m3u8
鳳凰香港[geo-blocked],鳳凰香港[geo-blocked],https://live.fanmingming.com/tv/鳳凰香港[geo-blocked].png,,https://epg.pw/stream/d004872b834b5b726d43c1dc539903068b7a75321cd8528ae65fc02dda2a7c89.m3u8
周星驰[geo-blocked],周星驰[geo-blocked],https://live.fanmingming.com/tv/周星驰[geo-blocked].png,,https://epg.pw/stream/fc73904b30181d1c79c116b1bd3872b24afe9540eb62dc91ff343bd05b086332.ctv
周润发[geo-blocked],周润发[geo-blocked],https://live.fanmingming.com/tv/周润发[geo-blocked].png,,https://epg.pw/stream/b595f7e55243ef358cd245b3f5c4fc116db2abaff5e246f6313a552831f3675e.ctv
甄子丹[geo-blocked],甄子丹[geo-blocked],https://live.fanmingming.com/tv/甄子丹[geo-blocked].png,,https://epg.pw/stream/4c65cee79a22a5ca55ca05fb71f8c21edcbe2fdfafdbc3f464643cb925d16275.ctv
緯來體育,緯來體育,https://live.fanmingming.com/tv/緯來體育.png,,https://epg.pw/stream/65161be2ecd7c7b2e054dbac30922b2673b4eff6497b77c71bb81215aa826cc4.m3u8
三立都會,三立都會,https://live.fanmingming.com/tv/三立都會.png,,https://epg.pw/stream/b49c002c700cdbcd7cb82dceff7a4a3029193d5edb6ce9e216d0c338e352856d.m3u8
大立电视,大立电视,https://live.fanmingming.com/tv/大立电视.png,,http://www.dalitv.com.tw:4568/live/dali/index.m3u8
台視新聞台,台視新聞台,https://live.fanmingming.com/tv/台視新聞台.png,,https://live.wcetv.com/hls/m3u8/ttvnews.m3u8
原住民族電視台,原住民族電視台,https://live.fanmingming.com/tv/原住民族電視台.png,,https://live.wcetv.com/hls/master-titv.m3u8
好消息綜合台,好消息綜合台,https://live.fanmingming.com/tv/好消息綜合台.png,,https://dqhxk7sbp7xog.cloudfront.net/hls-live/goodtv/_definst_/liveevent/live-ch1-2.m3u8
三立live,三立live,https://live.fanmingming.com/tv/三立live.png,,https://epg.pw/stream/8d53e3f66f1ef64c060c8e27ba1f509b63ed0f1d2a465d6ea5b330f6001e53b8.ctv
三立台湾,三立台湾,https://live.fanmingming.com/tv/三立台湾.png,,https://epg.pw/stream/cc4cae00306d97a1a7525911ee10a1983538f96a7fc920e563352cdd10002b36.m3u8
三立臺灣台,三立臺灣台,https://live.fanmingming.com/tv/三立臺灣台.png,,https://epg.pw/stream/6cbb5a395d787bd3f6333051a9436880165517d14c0cf42385908f669b061e88.m3u8
三立臺灣台,三立臺灣台,https://live.fanmingming.com/tv/三立臺灣台.png,,https://epg.pw/stream/c7dbae714c89491ea3eea1f746be7982f4fa8a8c81d67b3854ff67d46931a191.m3u8
三立台湾台,三立台湾台,https://live.fanmingming.com/tv/三立台湾台.png,,https://epg.pw/stream/325c440d84f93f8825f50c915f9abedea27a68bc71ec8832e3d8c6aee7b4e511.m3u8
经典电影台,经典电影台,https://live.fanmingming.com/tv/经典电影台.png,,https://epg.pw/stream/d0bc3876c3c39e995f65f2a459449587e1bb4cd79a211a228e8837b5bdd38bf9.ctv
成龙,成龙,https://live.fanmingming.com/tv/成龙.png,,https://epg.pw/stream/64d9d1f55a1eec1fefc81dd5153d694bde9ecf5bf4300d1ca75e7d6cfb1c680c.ctv
TVBS新闻,TVBS新闻,https://live.fanmingming.com/tv/TVBS新闻.png,,https://epg.pw/stream/f9efb8d90b794167021e488f94eca9fca27ebd9a457141905d28cf3de633392e.ctv
經典電影臺,經典電影臺,https://live.fanmingming.com/tv/經典電影臺.png,,https://epg.pw/stream/67bd00977498393d01100601120d65629a3e6f600efef0b2922127f15ddb66d6.ctv
Smithsonian Channel,Smithsonian Channel,https://live.fanmingming.com/tv/Smithsonian Channel.png,,https://epg.pw/stream/99a98a06a5dac64c9956de9ebbd769056942b459862b6008c2c9e0210be791ac.m3u8
Smithsonian Channel,Smithsonian Channel,https://live.fanmingming.com/tv/Smithsonian Channel.png,,https://epg.pw/stream/7b153572b82a96ed27bf45804a878593b584ee2fa8862760e30c968f823fbd33.m3u8
Smithsonian Channel,Smithsonian Channel,https://live.fanmingming.com/tv/Smithsonian Channel.png,,https://epg.pw/stream/71d6a7a91900b9aabe5adf92a36343d2fa723a36a222cd3819998376bb25ca3f.m3u8
Smithsonian Channel,Smithsonian Channel,https://live.fanmingming.com/tv/Smithsonian Channel.png,,https://epg.pw/stream/ff59eebbee11c6b74377d7358cf2bf421861b21e525cf5cdacacabd16c877872.m3u8
广州综合,广州综合,https://live.fanmingming.com/tv/广州综合.png,,http://tencentplaygzrb.gztv.com/sec/zonghes.m3u8
广州新闻,广州新闻,https://live.fanmingming.com/tv/广州新闻.png,,http://tencentplaygzrb.gztv.com/sec/xinwen.m3u8
广州竞赛,广州竞赛,https://live.fanmingming.com/tv/广州竞赛.png,,http://tencentplaygzrb.gztv.com/sec/jingsai.m3u8
广州影视,广州影视,https://live.fanmingming.com/tv/广州影视.png,,http://tencentplaygzrb.gztv.com/sec/yingshi.m3u8
广州法治,广州法治,https://live.fanmingming.com/tv/广州法治.png,,http://tencentplaygzrb.gztv.com/sec/fazhi.m3u8
广州南国都市,广州南国都市,https://live.fanmingming.com/tv/广州南国都市.png,,http://tencentplaygzrb.gztv.com/sec/nanguodushi.m3u8
凤凰资讯,凤凰资讯,https://live.fanmingming.com/tv/凤凰资讯.png,,http://ali.hlspull.yximgs.com/live/huanqiuhklivetvjjpcpdvuejljyjjyfjoxvchjwhjwojjjhdjjlsjhbjfhjx.flv
TVB翡翠台,TVB翡翠台,https://live.fanmingming.com/tv/TVB翡翠台.png,,http://ali.hlspull.yximgs.com/live/huanqiuhklivefhwwjpthjyjtjjjxcxbfhjjfjvhdtjdvbtvjsjxjfsjjcvbctvbfc.flv
TVB明珠台,TVB明珠台,https://live.fanmingming.com/tv/TVB明珠台.png,,http://ali.hlspull.yximgs.com/live/huanqiuhklivetcfjhvdjjxcodwoetjmncthvbstyreyhbnnvbdjjwthjyjtvbmj.flv
TVBJ2台,TVBJ2台,https://live.fanmingming.com/tv/TVBJ2台.png,,http://ali.hlspull.yximgs.com/live/huanqiuhklivefhwohdpthjyfiplhdftujfbvdimhdjnbjsjbcvxjfjsehbvbjtvbd2.flv
TVB星河台,TVB星河台,https://live.fanmingming.com/tv/TVB星河台.png,,http://ali.hlspull.yximgs.com/live/huanqiuhklivejjmjptvjsjjwxnhjjwjjtjjjtyfjsjjsjcfjxfjwmxjdtvbxh.flv
无线新闻台,无线新闻台,https://live.fanmingming.com/tv/无线新闻台.png,,http://ali.hlspull.yximgs.com/live/huanqiuhklivefhwjpthljjsjsjjbvdljdmnbjhdhyjyjtvbwxxw.flv
无线财经台,无线财经台,https://live.fanmingming.com/tv/无线财经台.png,,http://ali.hlspull.yximgs.com/live/huanqiuhklivefhwylwpthjyjjfjxvjlmnduhyjmtvbwxcd.flv
HOY77台,HOY77台,https://live.fanmingming.com/tv/HOY77台.png,,http://ali.hlspull.yximgs.com/live/huanqiuhkliveyvjojmfdyjjdjdjhdnowspjjlfjhjtycxjfjjojtspjjmehoytv.flv
HOY78台,HOY78台,https://live.fanmingming.com/tv/HOY78台.png,,http://ali.hlspull.yximgs.com/live/huanqiuhklivejejcxlvofbncvshhjsjcvndfncvbdjpeyjhxchjsjjhjejjjyxxw.flv
VIUTV,VIUTV,https://live.fanmingming.com/tv/VIUTV.png,,http://ali.hlspull.yximgs.com/live/huanqiuhklivefhtjjnjjdldjlujobnmjjhnbbmdjlpthjyjvjutv.flv
VIUTV6,VIUTV6,https://live.fanmingming.com/tv/VIUTV6.png,,http://ali.hlspull.yximgs.com/live/huanqiuhklivefhwjptdjbehjtyhbvhfjcvsjjfyjtvjutvsjx.flv
RTHK31,RTHK31,https://live.fanmingming.com/tv/RTHK31.png,,http://ali.hlspull.yximgs.com/live/huanqiuhklivehpjdthpthcvhnjujulsfjhcvbjuyhbnjyjthj31.flv
RTHK32,RTHK32,https://live.fanmingming.com/tv/RTHK32.png,,http://ali.hlspull.yximgs.com/live/huanqiuhklivejpjjecxvjjusjfjjfdhnbthjjsjfwdtncyjthj32.flv
天映频道,天映频道,https://live.fanmingming.com/tv/天映频道.png,,http://ali.hlspull.yximgs.com/live/huanqiuhklivejejcxlvofbjbvnjjsfjvbhfhcvxcvjsjbcvjfdvjsfcbjbnjtypj.flv
天映经典,天映经典,https://live.fanmingming.com/tv/天映经典.png,,http://ali.hlspull.yximgs.com/live/huanqiuhklivevcnydsjfjsetjjfcvbcdtsjjfvxcvsjnmbnljjhjjnmyhsjjftydj.flv
民视,民视,https://live.fanmingming.com/tv/民视.png,,http://ali.hlspull.yximgs.com/live/huanqiuhklivephjwfpjwvnjfdlsetfjjjjsjsftewjhvcbjjfdjuoljbms.flv
中视,中视,https://live.fanmingming.com/tv/中视.png,,http://ali.hlspull.yximgs.com/live/huanqiuhklivejphfwnmfdcjfxcvhjjwjfbfjdyujjnmfcbsfjejtyhsdjs.flv
华视,华视,https://live.fanmingming.com/tv/华视.png,,http://ali.hlspull.yximgs.com/live/huanqiuhklivepdymvcjnjjjcvbcvbjtyjjjffcfjvjftojjbvcjfednhs.flv
台视,台视,https://live.fanmingming.com/tv/台视.png,,http://ali.hlspull.yximgs.com/live/huanqiuhkliveptejfsxlvcjdewjjjpsjfvvxcjjjpfossvbxcfjjtjvxjhlts.flv
TVBS台,TVBS台,https://live.fanmingming.com/tv/TVBS台.png,,http://ali.hlspull.yximgs.com/live/huanqiuhklivejpjovdxjojfdejodsjxcvljjfvhnjljjjobjjjsvhjchtvbs.flv
TVBS新闻台,TVBS新闻台,https://live.fanmingming.com/tv/TVBS新闻台.png,,http://ali.hlspull.yximgs.com/live/huanqiuhklivejojwhjxojhjjjlfhjljsjcnxjfvbhjdjwjfjjdsswvtvbsxw.flv
壹新闻台,壹新闻台,https://live.fanmingming.com/tv/壹新闻台.png,,http://ali.hlspull.yximgs.com/live/huanqiuhklivemjfoyjvjsdvbnwejtjujjxjcvfjjsjfhfjddjjlhtbchyxw.flv
镜新闻台,镜新闻台,https://live.fanmingming.com/tv/镜新闻台.png,,http://ali.hlspull.yximgs.com/live/huanqiuhkliveexcvjjocvuojxucfdexjpjjyxchvljxjfejhcelethjjdxw.flv
华视新闻台,华视新闻台,https://live.fanmingming.com/tv/华视新闻台.png,,http://ali.hlspull.yximgs.com/live/huanqiuhklivencxtdtejhlvmjsjwjejwttyjhvcbjjjsjntjvbjugsxw.flv
中视新闻台,中视新闻台,https://live.fanmingming.com/tv/中视新闻台.png,,http://ali.hlspull.yximgs.com/live/huanqiuhklivepnvjydstudjbsjcvbfjjjsjfjsjwetymjldhdujocnjsxw.flv
经典TVB功夫,经典TVB功夫,https://live.fanmingming.com/tv/经典TVB功夫.png,,https://ali.hlspull.yximgs.com/live/12344.flv
TVB功夫(国),TVB功夫(国),https://live.fanmingming.com/tv/TVB功夫(国).png,,http://ali.hlspull.yximgs.com/live/gongfuguoyut3a88221300-dhoadhlabhkkl.flv
中国环球电视,中国环球电视,https://live.fanmingming.com/tv/中国环球电视.png,,http://live.cgtn.com/500/prog_index.m3u8
台湾番薯台,台湾番薯台,https://live.fanmingming.com/tv/台湾番薯台.png,,https://epg.pw/stream/51cb56342f39e6110b315b4d3c3391ef7b96e4b8cb91bd1e0670393a6da2755f.m3u8
台湾番薯台,台湾番薯台,https://live.fanmingming.com/tv/台湾番薯台.png,,https://epg.pw/stream/f60d0478b5c3b32b42dff1197b6499bb64e79ca1b9544d28dfb62fe1d84da582.m3u8
台湾番薯台,台湾番薯台,https://live.fanmingming.com/tv/台湾番薯台.png,,http://61.216.67.119:1935/TWHG/E1/chunklist_w705811302.m3u8
台湾番薯台,台湾番薯台,https://live.fanmingming.com/tv/台湾番薯台.png,,http://61.216.67.119:1935/TWHG/E1/chunklist_w7058102.m3u8
台湾番薯台,台湾番薯台,https://live.fanmingming.com/tv/台湾番薯台.png,,http://61.216.67.119:1935/TWHG/E1/chunklist_w70581102.m3u8
台湾番薯台,台湾番薯台,https://live.fanmingming.com/tv/台湾番薯台.png,,http://61.216.67.119:1935/TWHG/E1/chunklist_w7058102.m3u8?blog.ntnas.top
BBC新闻,BBC新闻,https://live.fanmingming.com/tv/BBC新闻.png,,http://tv.balkanweb.com:8081/news24/livestream/playlist.m3u8
CNN新闻,CNN新闻,https://live.fanmingming.com/tv/CNN新闻.png,,http://livees.cgtn.com/500e/prog_index.m3u8
CNN新闻,CNN新闻,https://live.fanmingming.com/tv/CNN新闻.png,,https://livees.cgtn.com/1000e/prog_index.m3u8
半岛新闻,半岛新闻,https://live.fanmingming.com/tv/半岛新闻.png,,https://live-hls-web-aje.getaj.net/AJE/01.m3u8
半岛新闻,半岛新闻,https://live.fanmingming.com/tv/半岛新闻.png,,https://live-hls-web-aje.getaj.net/AJE/02.m3u8
中天新闻台,中天新闻台,https://live.fanmingming.com/tv/中天新闻台.png,,http://ali.hlspull.yximgs.com/live/huanqiuhklivepjjtvvjjjyjuujjfvbscvjdjtwjfsjjsjjjcvuyjemjejtxw.flv
年代新闻台,年代新闻台,https://live.fanmingming.com/tv/年代新闻台.png,,http://ali.hlspull.yximgs.com/live/huanqiuhkliveojevdyscvbudlojlnsfjewtjudvbbjxfjnjlvcjdjdnjxw.flv
东森新闻台,东森新闻台,https://live.fanmingming.com/tv/东森新闻台.png,,http://ali.hlspull.yximgs.com/live/huanqiuhklivemhjttujjcvbyjuojdjjejywefjjfbxfbxxvbjjjljjhjsxw.flv
三立新闻台,三立新闻台,https://live.fanmingming.com/tv/三立新闻台.png,,http://ali.hlspull.yximgs.com/live/huanqiuhklivehmcyoywjjubjdfjfvchtjujxcjxvcbsjfsdxcbmjsllivexw.flv
台视新闻台,台视新闻台,https://live.fanmingming.com/tv/台视新闻台.png,,http://ali.hlspull.yximgs.com/live/huanqiuhklivencjjtjjudtjljcvbcvntjjjsfwetjfvcbcxvdjbjfflvcjtsxw.flv
寰宇新闻台,寰宇新闻台,https://live.fanmingming.com/tv/寰宇新闻台.png,,http://ali.hlspull.yximgs.com/live/huanqiuhklivephxehmffjuxcxjvejejyhmnjjxjjhjdhnjbnxfdjfhyxw.flv
非凡新闻台,非凡新闻台,https://live.fanmingming.com/tv/非凡新闻台.png,,http://ali.hlspull.yximgs.com/live/huanqiuhklivesjtnfjjojdcbfcxvjfuujjwejjjsjyuhhdjsjhjynffxw.flv
华艺综合台,华艺综合台,https://live.fanmingming.com/tv/华艺综合台.png,,http://ali.hlspull.yximgs.com/live/huanqiuhklivesfbxcvjsfjdhnfcvbsxjdnjsvmbnfjujfdhyujmjbvnjslhdj.flv
东森戏剧台,东森戏剧台,https://live.fanmingming.com/tv/东森戏剧台.png,,http://ali.hlspull.yximgs.com/live/huanqiuhkliveyvjojmfdycvbjcxljdjfxdcvnjvdwspjcophjfvjtycxjpjjmendsxd.flv
东森洋片台,东森洋片台,https://live.fanmingming.com/tv/东森洋片台.png,,http://ali.hlspull.yximgs.com/live/huanqiuhklivejmjptdjjxfjwetjvbjstjjjsutyhdjhfljjfhfhyjwjsyp.flv
龙祥电影台,龙祥电影台,https://live.fanmingming.com/tv/龙祥电影台.png,,http://ali.hlspull.yximgs.com/live/huanqiuhklivemjloehjbjjjpvboydetjewsjhthjyujfjwetyjjjhflxsj.flv
好莱坞电影台,好莱坞电影台,https://live.fanmingming.com/tv/好莱坞电影台.png,,http://ali.hlspull.yximgs.com/live/huanqiuhklivejmpjjwdeyjsjjcjvsjfjljvjfhjuejdfjhjwjljcmbhlwjy.flv
ELTA影剧台,ELTA影剧台,https://live.fanmingming.com/tv/ELTA影剧台.png,,http://ali.hlspull.yximgs.com/live/huanqiuhklivesfbxcvjsfjdhnfcvbsxjdnjsvmvbsjjjfdhyujmjbvnjslhxd.flv
BOO恐怖台,BOO恐怖台,https://live.fanmingming.com/tv/BOO恐怖台.png,,http://ali.hlspull.yximgs.com/live/huanqiuhklivejejcxlvofbncvshhjsjcvndfncvbdjpxyjhjchjsjbhjejjjvboo.flv
CINEMAX电影台,CINEMAX电影台,https://live.fanmingming.com/tv/CINEMAX电影台.png,,http://ali.hlspull.yximgs.com/live/huanqiuhklivejejcxlvofbjbvbjjjbvyvblcfybjxdbcjcfdvsfcbjbnjtcjnemjx.flv
Thrill台,Thrill台,https://live.fanmingming.com/tv/Thrill台.png,,http://ali.hlspull.yximgs.com/live/huanqiuhkliveecvjwejjosvojjjsjjjdejfjxjucjshvjcsjjfcjtchpljy.flv
HBO台,HBO台,https://live.fanmingming.com/tv/HBO台.png,,http://ali.hlspull.yximgs.com/live/huanqiuhklivemjjljpwjdctdfhdvjdjdujlvcbeywejweefshjfhhjsjjcxhbo.flv
AXN台,AXN台,https://live.fanmingming.com/tv/AXN台.png,,http://ali.hlspull.yximgs.com/live/huanqiuhklivejejcxlvofbjbvbjjjfjvjhslcfybjssxsjbcjcfdvsfcbjbnjtyjxn.flv
探索频道,探索频道,https://live.fanmingming.com/tv/探索频道.png,,http://ali.hlspull.yximgs.com/live/huanqiuhklivejejcxlvofbjbvnjjsfjvbhfhcvbcvjfdvbnjcjjsjjjejjtspj.flv
HBO 家庭台,HBO 家庭台,https://live.fanmingming.com/tv/HBO 家庭台.png,,http://ali.hlspull.yximgs.com/live/huanqiuhklivetjcvsjgcjyhpvobjxclmvhjogdjbodbsjhlelevendhbosignature.flv
国家野生,国家野生,https://live.fanmingming.com/tv/国家野生.png,,http://ali.hlspull.yximgs.com/live/huanqiuhklivexcvbpjyhvjbvnjjsfjvbhfhcjhbnjsjbcvjfdvjsfcbjbnjlys.flv
ELEVEN1台,ELEVEN1台,https://live.fanmingming.com/tv/ELEVEN1台.png,,http://ali.hlspull.yximgs.com/live/huanqiuhklivejjojjxcvyhjsjhtejwfhfvjjdvbdjsjjjhjljsjvcelevend.flv
三立LIVE台,三立LIVE台,https://live.fanmingming.com/tv/三立LIVE台.png,,http://ali.hlspull.yximgs.com/live/huanqiuhklivehmcyoywjjubjfdjfvchtcbsjjjvfjhncvndvbsxcbmjsllive.flv
东森电影台,东森电影台,https://live.fanmingming.com/tv/东森电影台.png,,http://ali.hlspull.yximgs.com/live/huanqiuhklivejowdxnjltdjhecvxcjjejjejyhjdyduojuomdfjhjjjdjsjy.flv
龙华戏剧台,龙华戏剧台,https://live.fanmingming.com/tv/龙华戏剧台.png,,http://ali.hlspull.yximgs.com/live/huanqiuhklivejejcxlvofbjbvnjjsfjvbhslcfvxcvjsjbcvjfdvjsfcbjbnjtyjd.flv
龙华洋片台,龙华洋片台,https://live.fanmingming.com/tv/龙华洋片台.png,,http://ali.hlspull.yximgs.com/live/huanqiuhklivejejcxlvofbjbvbjjjfjvjhslcfvxcvxsjbcvjfdvsfcbjbnjtyxty.flv
动物星球,动物星球,https://live.fanmingming.com/tv/动物星球.png,,http://ali.hlspull.yximgs.com/live/huanqiuhklivexcvbpjyhvjcvnjjsfjvbhfhcjhbnjsjbcvjfdvjsfcbjbnjjwxj.flv
TVBS亚洲,TVBS亚洲,https://live.fanmingming.com/tv/TVBS亚洲.png,,http://38.64.72.148:80/hls/modn/list/4005/chunklist0.m3u8
CCTV3,CCTV3,https://live.fanmingming.com/tv/CCTV3.png,,http://116.162.6.192/4403-txt.otvstream.otvcloud.com/otv/skcc/live/channel3/2300.m3u8
CCTV4,CCTV4,https://live.fanmingming.com/tv/CCTV4.png,,http://116.162.6.192/4403-txt.otvstream.otvcloud.com/otv/skcc/live/channel4/2300.m3u8
CCTV7,CCTV7,https://live.fanmingming.com/tv/CCTV7.png,,http://116.162.6.192/4403-txt.otvstream.otvcloud.com/otv/skcc/live/channel7/1300.m3u8
CCTV10,CCTV10,https://live.fanmingming.com/tv/CCTV10.png,,http://116.162.6.192/4403-txt.otvstream.otvcloud.com/otv/skcc/live/channel10/1300.m3u8
CCTV11,CCTV11,https://live.fanmingming.com/tv/CCTV11.png,,http://116.162.6.192/4403-txt.otvstream.otvcloud.com/otv/skcc/live/channel41/2300.m3u8
CCTV12,CCTV12,https://live.fanmingming.com/tv/CCTV12.png,,http://116.162.6.192/4403-txt.otvstream.otvcloud.com/otv/skcc/live/channel11/1300.m3u8
CCTV14,CCTV14,https://live.fanmingming.com/tv/CCTV14.png,,http://116.162.6.192/4403-txt.otvstream.otvcloud.com/otv/skcc/live/channel12/2300.m3u8
CCTV15,CCTV15,https://live.fanmingming.com/tv/CCTV15.png,,http://116.162.6.192/4403-txt.otvstream.otvcloud.com/otv/skcc/live/channel40/1300.m3u8
CCTV4,CCTV4,https://live.fanmingming.com/tv/CCTV4.png,,http://27.222.3.214/liveali-tp4k.cctv.cn/live/4K10M.stream/playlist.m3u8
东方卫视,东方卫视,https://live.fanmingming.com/tv/东方卫视.png,,http://116.162.6.192/4403-txt.otvstream.otvcloud.com/otv/skcc/live/channel26/1300.m3u8
云南卫视,云南卫视,https://live.fanmingming.com/tv/云南卫视.png,,http://116.162.6.192/4403-txt.otvstream.otvcloud.com/otv/skcc/live/channel61/1300.m3u8
北京卫视,北京卫视,https://live.fanmingming.com/tv/北京卫视.png,,http://116.162.6.192/4403-txt.otvstream.otvcloud.com/otv/skcc/live/channel24/2300.m3u8
吉林卫视,吉林卫视,https://live.fanmingming.com/tv/吉林卫视.png,,http://116.162.6.192/4403-txt.otvstream.otvcloud.com/otv/skcc/live/channel20/1300.m3u8
四川卫视,四川卫视,https://live.fanmingming.com/tv/四川卫视.png,,http://116.162.6.192/4403-txt.otvstream.otvcloud.com/otv/skcc/live/channel31/1300.m3u8
天津卫视,天津卫视,https://live.fanmingming.com/tv/天津卫视.png,,http://116.162.6.192/4403-txt.otvstream.otvcloud.com/otv/skcc/live/channel28/1300.m3u8
安徽卫视,安徽卫视,https://live.fanmingming.com/tv/安徽卫视.png,,http://116.162.6.192/4403-txt.otvstream.otvcloud.com/otv/skcc/live/channel23/2300.m3u8
山东卫视,山东卫视,https://live.fanmingming.com/tv/山东卫视.png,,http://lives.jnnews.tv/video/s10001-SDTV/index.m3u8
广东卫视,广东卫视,https://live.fanmingming.com/tv/广东卫视.png,,http://116.162.6.192/4403-txt.otvstream.otvcloud.com/otv/skcc/live/channel16/1300.m3u8
新疆卫视,新疆卫视,https://live.fanmingming.com/tv/新疆卫视.png,,http://116.162.6.192/4403-txt.otvstream.otvcloud.com/otv/skcc/live/channel64/1300.m3u8
江西卫视,江西卫视,https://live.fanmingming.com/tv/江西卫视.png,,http://116.162.6.191/yun-live.jxtvcn.com.cn/live/tv_jxtv1.m3u8
浙江卫视,浙江卫视,https://live.fanmingming.com/tv/浙江卫视.png,,http://ali-m-l.cztv.com/channels/lantian/channel001/1080p.m3u8
深圳卫视,深圳卫视,https://live.fanmingming.com/tv/深圳卫视.png,,http://116.162.6.192/4403-txt.otvstream.otvcloud.com/otv/skcc/live/channel17/1300.m3u8
湖北卫视,湖北卫视,https://live.fanmingming.com/tv/湖北卫视.png,,http://116.162.6.192/4403-txt.otvstream.otvcloud.com/otv/skcc/live/channel21/1300.m3u8
湖南卫视,湖南卫视,https://live.fanmingming.com/tv/湖南卫视.png,,http://116.162.6.192/4403-txt.otvstream.otvcloud.com/otv/skcc/live/channel25/1300.m3u8
Star Sports 2 HD,Star Sports 2 HD,https://live.fanmingming.com/tv/Star Sports 2 HD.png,,http://41.205.93.154/STARSPORTS1/index.m3u8
Super Sports Grandstand,Super Sports Grandstand,https://live.fanmingming.com/tv/Super Sports Grandstand.png,,http://145.239.5.177:8080/567/index.m3u8
Live,Live,https://live.fanmingming.com/tv/Live.png,,http://145.239.5.177:8080/566/index.m3u8
Bein Sports 2,Bein Sports 2,https://live.fanmingming.com/tv/Bein Sports 2.png,,http://145.239.5.177:8080/558/index.m3u8
ATN Bangla UK,ATN Bangla UK,https://live.fanmingming.com/tv/ATN Bangla UK.png,,https://livess.ncare.live/live-orgin/atnbanglauk-off.stream/chunks.m3u8
NTV UK,NTV UK,https://live.fanmingming.com/tv/NTV UK.png,,https://livess.ncare.live/live-orgin/ntvuk00332211.stream/chunks.m3u8
CHANNEL S HD,CHANNEL S HD,https://live.fanmingming.com/tv/CHANNEL S HD.png,,https://livess.ncare.live/live-orgin/chsukoff.stream/chunks.m3u8
Kids Creation,Kids Creation,https://live.fanmingming.com/tv/Kids Creation.png,,https://vods1.aynaott.com/kidscreation_test/tracks-v1a1/mono.m3u8
Jago News 24,Jago News 24,https://live.fanmingming.com/tv/Jago News 24.png,,https://livess.ncare.live/live-orgin/jagonews24.stream/chunks.m3u8
ATN Music,ATN Music,https://live.fanmingming.com/tv/ATN Music.png,,https://livess.ncare.live/live-orgin/atnmusic.stream/chunks.m3u8
Amar Bangla,Amar Bangla,https://live.fanmingming.com/tv/Amar Bangla.png,,https://livess.ncare.live/live-orgin/amarbanglatv.stream/chunks.m3u8
Enter 10 Bangla,Enter 10 Bangla,https://live.fanmingming.com/tv/Enter 10 Bangla.png,,https://live-bangla.akamaized.net/liveabr/pub-iobanglakp3sff/live_720p/chunks.m3u8
Khushboo Bangla,Khushboo Bangla,https://live.fanmingming.com/tv/Khushboo Bangla.png,,http://idvd.multitvsolution.com/idvo/khushboo.m3u8
Sony Kal,Sony Kal,https://live.fanmingming.com/tv/Sony Kal.png,,https://spt-sonykal-1-us.lg.wurl.tv/playlist.m3u8
DD National,DD National,https://live.fanmingming.com/tv/DD National.png,,https://d75dqofg5kmfk.cloudfront.net/bpk-tv/Ddnational/default/index.m3u8
The Movie Club,The Movie Club,https://live.fanmingming.com/tv/The Movie Club.png,,https://cc-jytb1qhmgqh5a.akamaized.net/v1/master/3722c60a815c199d9c0ef36c5b73da68a62b09d1/cc-jytb1qhmgqh5a/playlist.m3u8
Sheemaroo Bollywood,Sheemaroo Bollywood,https://live.fanmingming.com/tv/Sheemaroo Bollywood.png,,https://cdn-uw2-prod.tsv2.amagi.tv/linear/amg00864-shemarooenterta-shemabollywood-ono/playlist.m3u8
Joo Music,Joo Music,https://live.fanmingming.com/tv/Joo Music.png,,https://livecdn.live247stream.com/joomusic/tv/playlist.m3u8
BFlix Movies,BFlix Movies,https://live.fanmingming.com/tv/BFlix Movies.png,,http://idvd.multitvsolution.com/idvo/bflixmovies.m3u8
PTV Sports,PTV Sports,https://live.fanmingming.com/tv/PTV Sports.png,,http://121.91.61.106:8000/play/a00l/index.m3u8
A Sports,A Sports,https://live.fanmingming.com/tv/A Sports.png,,http://121.91.61.106:8000/play/a03o/index.m3u8
Ten Sports PK,Ten Sports PK,https://live.fanmingming.com/tv/Ten Sports PK.png,,http://121.91.61.106:8000/play/a04h/index.m3u8
MU TV,MU TV,https://live.fanmingming.com/tv/MU TV.png,,https://bcovlive-a.akamaihd.net/r2d2c4ca5bf57456fb1d16255c1a535c8/eu-west-1/eu-west-1/6058004203001/profile_2/chunklist.m3u8
MU TV,MU TV,https://live.fanmingming.com/tv/MU TV.png,,https://bcovlive-a.akamaihd.net/r6b4170ad9e8e4ed49986ecc03bac588b/eu-west-1/6058004203001/playlist.m3u8
Real Madrid TV,Real Madrid TV,https://live.fanmingming.com/tv/Real Madrid TV.png,,https://cdn-uw2-prod.tsv2.amagi.tv/linear/amg01201-cinedigmenterta-realmadrid-cineverse/playlist.m3u8
ATN Abganisthan,ATN Abganisthan,https://live.fanmingming.com/tv/ATN Abganisthan.png,,https://d10rltuy0iweup.cloudfront.net/ATNNAT/myStream/playlist.m3u8
Discovery Bangla HD,Discovery Bangla HD,https://live.fanmingming.com/tv/Discovery Bangla HD.png,,https://varun-iptv.netlify.app/m3u/discoverybengali.m3u8
Discovery Hindi HD,Discovery Hindi HD,https://live.fanmingming.com/tv/Discovery Hindi HD.png,,https://varun-iptv.netlify.app/m3u/discoveryhindi.m3u8
CGTN Documentary,CGTN Documentary,https://live.fanmingming.com/tv/CGTN Documentary.png,,https://livess.ncare.live/live-orgin/cgtndoc.stream/chunks.m3u8
Wild Earth,Wild Earth,https://live.fanmingming.com/tv/Wild Earth.png,,https://wildearth-roku.amagi.tv/masterR720P.m3u8
Travel XP GB,Travel XP GB,https://live.fanmingming.com/tv/Travel XP GB.png,,https://travelxp-travelxp-1-gb.samsung.wurl.tv/3000.m3u8
Travel XP English NL,Travel XP English NL,https://live.fanmingming.com/tv/Travel XP English NL.png,,https://travelxp-travelxp-3-nl.samsung.wurl.tv/playlist.m3u8
Travel XP English EU,Travel XP English EU,https://live.fanmingming.com/tv/Travel XP English EU.png,,https://travelxp-travelxp-1-eu.rakuten.wurl.tv/playlist.m3u8
Travel XP English NZ,Travel XP English NZ,https://live.fanmingming.com/tv/Travel XP English NZ.png,,https://travelxp-travelxp-1-nz.samsung.wurl.tv/playlist.m3u8
Travel XP English SE,Travel XP English SE,https://live.fanmingming.com/tv/Travel XP English SE.png,,https://travelxp-travelxp-1-se.samsung.wurl.tv/playlist.m3u8
Love nature,Love nature,https://live.fanmingming.com/tv/Love nature.png,,https://d18dyiwu97wm6q.cloudfront.net/playlist.m3u8
Food Food,Food Food,https://live.fanmingming.com/tv/Food Food.png,,https://d35j504z0x2vu2.cloudfront.net/v1/master/0bc8e8376bd8417a1b6761138aa41c26c7309312/foodfood/master.m3u8?ads.rnd=__CmBanglaavel__&ads.env_i=__env.i_
Discover Pakistan TV,Discover Pakistan TV,https://live.fanmingming.com/tv/Discover Pakistan TV.png,,https://livess.ncare.live/live-orgin/discoverpakistan.stream/chunks.m3u8
Cartoon Network,Cartoon Network,https://live.fanmingming.com/tv/Cartoon Network.png,,https://amg01448-samsungin-cartoonnw-samsungin-1y8kz.amagi.tv/playlist/amg01448-samsungin-cartoonnw-samsungin/cb553d1e786c648b93d43d63d5ef41a4d3246ad3032e90703dff06c231901d468ca2f9d3f537b63619d714af3f5e2f0e0433db18dd6511b6802eea0e6d287f09cfcceb2ada861317b3c60e383ebb281700ab0941d8380220dcec5759d438b0340446b00a230f338fbe51aa7e55978808821d57b189e5a4fd04706ded294fdfd20ffda8bd0c118d2ff9932372a75e26c7199604e6368ff19702cf69b66cc1168caa08baf212e7868bfa2a50c24d1bb2ccf90b774fb3833797c9936876b879294d1f6fb8c9cbfc4a7292524159fafadfbe37b04a80d165c94c3eb5158014a53e8e79a500a3a11ff3e4fbfe4c452babcd5f590aa5e1a98ba87a62f337b5f39bbd091c93944c2a5fa8718f3a353705d56f1c4b0b9a90d86276/82/640x360_1284800/index.m3u8
Gubbare,Gubbare,https://live.fanmingming.com/tv/Gubbare.png,,https://epiconvh.s.llnwi.net/gubbare/master_720.m3u8
Action Hollywood Movies,Action Hollywood Movies,https://live.fanmingming.com/tv/Action Hollywood Movies.png,,https://amg01076-lightningintern-actionhollywood-samsungnz-82rry.amagi.tv/playlist/amg01076-lightningintern-actionhollywood-samsungnz/playlist.m3u8
HBO,HBO,https://live.fanmingming.com/tv/HBO.png,,http://103.110.110.11:8081/live/hbo/playlist.m3u8
YRF Music HD,YRF Music HD,https://live.fanmingming.com/tv/YRF Music HD.png,,https://cdn-uw2-prod.tsv2.amagi.tv/linear/amg01412-xiaomiasia-yrfmusic-xiaomi/playlist.m3u8
Hindi Hits HD,Hindi Hits HD,https://live.fanmingming.com/tv/Hindi Hits HD.png,,http://146.59.253.52:8080/hindihitshd/index.m3u8
9XM,9XM,https://live.fanmingming.com/tv/9XM.png,,https://d75dqofg5kmfk.cloudfront.net/bpk-tv/9XM/default/index.m3u8
Mastii Music,Mastii Music,https://live.fanmingming.com/tv/Mastii Music.png,,https://cdn-singapore-5160-prod.tsv2.amagi.tv/linear/amg01448-samsungin-mastiiin-samsungin/playlist.m3u8
Bollywood Hungama,Bollywood Hungama,https://live.fanmingming.com/tv/Bollywood Hungama.png,,https://yuppmedtaorire.akamaized.net/v1/master/a0d007312bfd99c47f76b77ae26b1ccdaae76cb1/bollywoodhungama_live_https/master.m3u8
Show Box,Show Box,https://live.fanmingming.com/tv/Show Box.png,,https://epiconvh.s.llnwi.net/showbox/master_1080.m3u8
Zoom,Zoom,https://live.fanmingming.com/tv/Zoom.png,,https://d75dqofg5kmfk.cloudfront.net/bpk-tv/Zoom/default/zoom.m3u8
Music India,Music India,https://live.fanmingming.com/tv/Music India.png,,https://d75dqofg5kmfk.cloudfront.net/bpk-tv/Musicindia/default/index.m3u8
France 24,France 24,https://live.fanmingming.com/tv/France 24.png,,https://livess.ncare.live/live-orgin/fr24.stream/chunks.m3u8
Surongo,Surongo,https://live.fanmingming.com/tv/Surongo.png,,https://v-prothomalo.viewlift.com/Renditions/20230824/1692873478931_prothomalo_1692870834947_surongo_CUSTOM_CODEC_TS/hls/video_3.m3u8
Makkah Tv,Makkah Tv,https://live.fanmingming.com/tv/Makkah Tv.png,,https://bds.jagobd.com:447/c3VydmVyX8RpbEU9Mi8xNy8yMDE0GIDU6RgzQ6NTAgdEoaeFzbF92YWxIZTO0U0ezN1IzMyfvcGVMZEJCTEFWeVN3PTOmdFsaWRtaW51aiPhnPTI2/makkahtv.stream/tracks-v1a1/mono.m3u8
ATN Islamic,ATN Islamic,https://live.fanmingming.com/tv/ATN Islamic.png,,https://bds.jagobd.com:447/c3VydmVyX8RpbEU9Mi8xNy8yMDE0GIDU6RgzQ6NTAgdEoaeFzbF92YWxIZTO0U0ezN1IzMyfvcGVMZEJCTEFWeVN3PTOmdFsaWRtaW51aiPhnPTI2/atnislamictv.stream/mono.m3u8
Channels S,Channels S,https://live.fanmingming.com/tv/Channels S.png,,https://bds.jagobd.com:447/c3VydmVyX8RpbEU9Mi8xNy8yMDE0GIDU6RgzQ6NTAgdEoaeFzbF92YWxIZTO0U0ezN1IzMyfvcGVMZEJCTEFWeVN3PTOmdFsaWRtaW51aiPhnPTI2/chsukoff.stream/mono.m3u8
NRB Tv,NRB Tv,https://live.fanmingming.com/tv/NRB Tv.png,,https://bds.jagobd.com:447/c3VydmVyX8RpbEU9Mi8xNy8yMDE0GIDU6RgzQ6NTAgdEoaeFzbF92YWxIZTO0U0ezN1IzMyfvcGVMZEJCTEFWeVN3PTOmdFsaWRtaW51aiPhnPTI2/nrb-eu.stream/mono.m3u8
SA Tv,SA Tv,https://live.fanmingming.com/tv/SA Tv.png,,https://bds.jagobd.com:447/c3VydmVyX8RpbEU9Mi8xNy8yMDE0GIDU6RgzQ6NTAgdEoaeFzbF92YWxIZTO0U0ezN1IzMyfvcGVMZEJCTEFWeVN3PTOmdFsaWRtaW51aiPhnPTI2/satvoff5666.stream/mono.m3u8
Rajdhani TV,Rajdhani TV,https://live.fanmingming.com/tv/Rajdhani TV.png,,https://bds.jagobd.com:447/c3VydmVyX8RpbEU9Mi8xNy8yMDE0GIDU6RgzQ6NTAgdEoaeFzbF92YWxIZTO0U0ezN1IzMyfvcGVMZEJCTEFWeVN3PTOmdFsaWRtaW51aiPhnPTI2/rajdhanitv.stream/mono.m3u8
Florida Bangla TV,Florida Bangla TV,https://live.fanmingming.com/tv/Florida Bangla TV.png,,http://162.244.81.200:1935/live/livestream/playlist.m3u8
ENTER 10 BANGLA,ENTER 10 BANGLA,https://live.fanmingming.com/tv/ENTER 10 BANGLA.png,,https://amg01448-samsungin-enterr10bangla-samsungin-ad-gg.amagi.tv/playlist/amg01448-samsungin-enterr10bangla-samsungin/playlist.m3u8
GUBBARE KIDS,GUBBARE KIDS,https://live.fanmingming.com/tv/GUBBARE KIDS.png,,https://epiconvh.s.llnwi.net/gubbare/master.m3u8
MBC 1 (1080p),MBC 1 (1080p),https://live.fanmingming.com/tv/MBC 1 (1080p).png,,https://d3o3cim6uzorb4.cloudfront.net/out/v1/0965e4d7deae49179172426cbfb3bc5e/index.m3u8
MBC 3 EUR (1080p),MBC 3 EUR (1080p),https://live.fanmingming.com/tv/MBC 3 EUR (1080p).png,,https://shls-mbc3-eur-prod-dub.shahid.net/out/v1/fce09dd6a967431a871efb3b8dec9f82/index.m3u8
MBC 4 (1080p),MBC 4 (1080p),https://live.fanmingming.com/tv/MBC 4 (1080p).png,,https://mbc4-prod-dub-ak.akamaized.net/out/v1/c08681f81775496ab4afa2bac7ae7638/index.m3u8
MBC 5 (1080p),MBC 5 (1080p),https://live.fanmingming.com/tv/MBC 5 (1080p).png,,https://shls-mbc5-prod-dub.shahid.net/out/v1/2720564b6a4641658fdfb6884b160da2/index.m3u8
MBC Bollywood (1080p),MBC Bollywood (1080p),https://live.fanmingming.com/tv/MBC Bollywood (1080p).png,,https://shls-mbcbollywood-prod-dub.shahid.net/out/v1/a79c9d7ef2a64a54a64d5c4567b3462a/index_1.m3u8
MBC Drama KSA (1080p),MBC Drama KSA (1080p),https://live.fanmingming.com/tv/MBC Drama KSA (1080p).png,,https://mbc1-enc.edgenextcdn.net/out/v1/b0b3a0e6750d4408bb86d703d5feffd1/index.m3u8
MBC FM (1080p),MBC FM (1080p),https://live.fanmingming.com/tv/MBC FM (1080p).png,,https://mbcfm-riyadh-prod-dub.shahid.net/out/v1/69c8a03f507e422f99cf5c07291c9e3a/index.m3u8
MBC Persia (1080p),MBC Persia (1080p),https://live.fanmingming.com/tv/MBC Persia (1080p).png,,https://shls-mbcpersia-prod-dub.shahid.net/out/v1/bdc7cd0d990e4c54808632a52c396946/index.m3u8
MBC Plus Drama (1080p),MBC Plus Drama (1080p),https://live.fanmingming.com/tv/MBC Plus Drama (1080p).png,,https://shls-mbcplusdrama-prod-dub.shahid.net/out/v1/97ca0ce6fc6142f4b14c0a694af59eab/index.m3u8
AMC (1080p),AMC (1080p),https://live.fanmingming.com/tv/AMC (1080p).png,,https://amchls.wns.live/hls/stream.m3u8
SATV TV,SATV TV,https://live.fanmingming.com/tv/SATV TV.png,,https://livess.ncare.live/live-orgin/satvoff5666.stream/chunks.m3u8
Rajdhani Tv,Rajdhani Tv,https://live.fanmingming.com/tv/Rajdhani Tv.png,,https://livess.ncare.live/live-orgin/rajdhanitv.stream/chunks.m3u8
Bollywood Classic,Bollywood Classic,https://live.fanmingming.com/tv/Bollywood Classic.png,,https://d35j504z0x2vu2.cloudfront.net/v1/master/0bc8e8376bd8417a1b6761138aa41c26c7309312/bollywood-classic/manifest.m3u8
Bollywood HD,Bollywood HD,https://live.fanmingming.com/tv/Bollywood HD.png,,https://d35j504z0x2vu2.cloudfront.net/v1/master/0bc8e8376bd8417a1b6761138aa41c26c7309312/bollywood-hd/manifest.m3u8
Bollywood FHD,Bollywood FHD,https://live.fanmingming.com/tv/Bollywood FHD.png,,https://d35j504z0x2vu2.cloudfront.net/v1/manifest/0bc8e8376bd8417a1b6761138aa41c26c7309312/bollywood-hd/43e99595-3ab3-4f82-a828-0d32dc308c98/0.m3u8
Discovery Multi,Discovery Multi,https://live.fanmingming.com/tv/Discovery Multi.png,,https://freeott.site/discovery/Discovery_Channel.m3u8
Animal Planet HIN Multi,Animal Planet HIN Multi,https://live.fanmingming.com/tv/Animal Planet HIN Multi.png,,https://varun-iptv.netlify.app/m3u/Animal_Planet.m3u8
Animal Planet Multi,Animal Planet Multi,https://live.fanmingming.com/tv/Animal Planet Multi.png,,https://freeott.site/discovery/Animal_Planet.m3u8
Redbull TV,Redbull TV,https://live.fanmingming.com/tv/Redbull TV.png,,https://rbmn-live.akamaized.net/hls/live/590964/BoRB-AT/master_3360.m3u8
Discovery HD,Discovery HD,https://live.fanmingming.com/tv/Discovery HD.png,,https://varun-iptv.netlify.app/m3u/discoveryenglish.m3u8
TLC HD,TLC HD,https://live.fanmingming.com/tv/TLC HD.png,,https://varun-iptv.netlify.app/m3u/TLC.m3u8
Animal Planet HD,Animal Planet HD,https://live.fanmingming.com/tv/Animal Planet HD.png,,https://denver1769.pages.dev/Discovery/animal_planet_hd_english.m3u8
Travel Channel (BD),Travel Channel (BD),https://live.fanmingming.com/tv/Travel Channel (BD).png,,https://varun-iptv.netlify.app/m3u/TRVL_Channel.m3u8
Love Nature 4K,Love Nature 4K,https://live.fanmingming.com/tv/Love Nature 4K.png,,https://d18dyiwu97wm6q.cloudfront.net/v1/master/3722c60a815c199d9c0ef36c5b73da68a62b09d1/LoveNature4K2-prod/playlist.m3u8
Asian Food Network,Asian Food Network,https://live.fanmingming.com/tv/Asian Food Network.png,,https://varun-iptv.netlify.app/m3u/Food%20Network.m3u8
CNBC Indonesia (EN) 🛜,CNBC Indonesia (EN) 🛜,https://live.fanmingming.com/tv/CNBC Indonesia (EN) 🛜.png,,https://live.cnbcindonesia.com/livecnbc/smil:cnbctv.smil/master.m3u8
CGTN News (EN) 🛜,CGTN News (EN) 🛜,https://live.fanmingming.com/tv/CGTN News (EN) 🛜.png,,https://news.cgtn.com/resource/live/english/cgtn-news.m3u8
Iran International(EN) 🛜,Iran International(EN) 🛜,https://live.fanmingming.com/tv/Iran International(EN) 🛜.png,,https://dev-live.livetvstream.co.uk/LS-63503-4/chunklist_b1196000.m3u8
Aljazeera HD Backup 🛜,Aljazeera HD Backup 🛜,https://live.fanmingming.com/tv/Aljazeera HD Backup 🛜.png,,https://live-hls-web-aje.getaj.net/AJE/04.m3u8
Aljazeera HD Backup 🛜v,Aljazeera HD Backup 🛜v,https://live.fanmingming.com/tv/Aljazeera HD Backup 🛜v.png,,https://d1cy85syyhvqz5.cloudfront.net/v1/master/7b67fbda7ab859400a821e9aa0deda20ab7ca3d2/aljazeeraLive/AJE/index.m3u8
DW English 📺,DW English 📺,https://live.fanmingming.com/tv/DW English 📺.png,,https://abc-iview-mediapackagestreams-2.akamaized.net/out/v1/6e1cc6d25ec0480ea099a5399d73bc4b/index.m3u8
