tvg-name,tvg-id,tvg-logo,group-title,link
CCTV1,CCTV1,https://mirror.ghproxy.com/https://raw.githubusercontent.com/drangjchen/IPTV/main/Logo/CCTV1-light.png,央视频道,http://[2409:8087:1a01:df::7005]/ottrrs.hl.chinamobile.com/PLTV/88888888/224/3221226559/index.m3u8
CCTV2,CCTV2,https://mirror.ghproxy.com/https://raw.githubusercontent.com/drangjchen/IPTV/main/Logo/CCTV2-light.png,央视频道,http://[2409:8087:1a01:df::7005]/ottrrs.hl.chinamobile.com/PLTV/88888888/224/3221226540/index.m3u8
CCTV3,CCTV3,https://mirror.ghproxy.com/https://raw.githubusercontent.com/drangjchen/IPTV/main/Logo/CCTV3-light.png,央视频道,http://[2409:8087:4c0a:22:1::11]:6410/170000001115/UmaiCHAN638727c125355/index.m3u8?AuthInfo=9kOOdBn7MFF%2F2bWjKgahUSPTZ4CK5oLfjaEYe9dogNMUNNEYLCPUtKY62j1Wp5u04wipypKUQ1TTuR2lXvBl5YpHqBJmlA19x22TD9bUOjk
CCTV4,CCTV4,https://mirror.ghproxy.com/https://raw.githubusercontent.com/drangjchen/IPTV/main/Logo/CCTV4-light.png,央视频道,http://[2409:8087:1a01:df::7005]/ottrrs.hl.chinamobile.com/PLTV/88888888/224/3221226428/index.m3u8
CCTV5,CCTV5,https://mirror.ghproxy.com/https://raw.githubusercontent.com/drangjchen/IPTV/main/Logo/CCTV5-light.png,央视频道,http://[2409:8087:1a01:df::4077]/ottrrs.hl.chinamobile.com/PLTV/88888888/224/3221226019/index.m3u8
CCTV5+,CCTV5+,https://mirror.ghproxy.com/https://raw.githubusercontent.com/drangjchen/IPTV/main/Logo/CCTV5+-light.png,央视频道,http://[2409:8087:4c0a:22:1::11]:6410/170000001115/UmaiCHAN63872908d48f9/index.m3u8?AuthInfo=9kOOdBn7MFF%2F2bWjKgahUSBx06ZL9Bo6JOM%2BSTjxZRK254G1jtietGzDaHvFNRtjXOvFnbf%2BTao33JqYlfMYYn2z3agOn9gvNMT9KmBaR9o
CCTV6,CCTV6,https://mirror.ghproxy.com/https://raw.githubusercontent.com/drangjchen/IPTV/main/Logo/CCTV6-light.png,央视频道,http://[2409:8087:1a01:df::4077]/ottrrs.hl.chinamobile.com/PLTV/88888888/224/3221226010/index.m3u8
CCTV7,CCTV7,https://mirror.ghproxy.com/https://raw.githubusercontent.com/drangjchen/IPTV/main/Logo/CCTV7-light.png,央视频道,http://[2409:8087:1a01:df::7005]/ottrrs.hl.chinamobile.com/PLTV/88888888/224/3221225733/index.m3u8
CCTV8,CCTV8,https://mirror.ghproxy.com/https://raw.githubusercontent.com/drangjchen/IPTV/main/Logo/CCTV8-light.png,央视频道,http://[2409:8087:1a01:df::4077]/ottrrs.hl.chinamobile.com/PLTV/88888888/224/3221226008/index.m3u8
CCTV9,CCTV9,https://mirror.ghproxy.com/https://raw.githubusercontent.com/drangjchen/IPTV/main/Logo/CCTV9-light.png,央视频道,http://[2409:8087:1a01:df::4077]/ottrrs.hl.chinamobile.com/PLTV/88888888/224/3221225734/index.m3u8
CCTV10,CCTV10,https://mirror.ghproxy.com/https://raw.githubusercontent.com/drangjchen/IPTV/main/Logo/CCTV10-light.png,央视频道,http://[2409:8087:4c0a:22:1::11]:6410/170000001115/UmaiCHAN3949784BESTVSMGSMG/index.m3u8?AuthInfo=9kOOdBn7MFF%2F2bWjKgahUXt3TPFwzzdHCkOT9AjSv5OuXozn3alq9%2BUx7ZLG1w9aOfkLjZvYj56D3xkOAtSOIoLsdw8c1%2BCwLDg1aS4esN4
CCTV11,CCTV11,https://mirror.ghproxy.com/https://raw.githubusercontent.com/drangjchen/IPTV/main/Logo/CCTV11-light.png,央视频道,http://[2409:8087:1a01:df::7005]/ottrrs.hl.chinamobile.com/PLTV/88888888/224/3221226565/index.m3u8
CCTV12,CCTV12,https://mirror.ghproxy.com/https://raw.githubusercontent.com/drangjchen/IPTV/main/Logo/CCTV12-light.png,央视频道,http://[2409:8087:1a01:df::4077]/ottrrs.hl.chinamobile.com/PLTV/88888888/224/3221225731/index.m3u8
CCTV13,CCTV13,https://mirror.ghproxy.com/https://raw.githubusercontent.com/drangjchen/IPTV/main/Logo/CCTV13-light.png,央视频道,http://[2409:8087:1a01:df::7005]/ottrrs.hl.chinamobile.com/PLTV/88888888/224/3221226537/index.m3u8
CCTV14,CCTV14,https://mirror.ghproxy.com/https://raw.githubusercontent.com/drangjchen/IPTV/main/Logo/CCTV14-light.png,央视频道,http://[2409:8087:1a01:df::4077]/ottrrs.hl.chinamobile.com/PLTV/88888888/224/3221225732/index.m3u8
CCTV15,CCTV15,https://mirror.ghproxy.com/https://raw.githubusercontent.com/drangjchen/IPTV/main/Logo/CCTV15-light.png,央视频道,http://[2409:8087:1a01:df::7005]/ottrrs.hl.chinamobile.com/PLTV/88888888/224/3221226476/index.m3u8
CCTV16,CCTV16,https://mirror.ghproxy.com/https://raw.githubusercontent.com/drangjchen/IPTV/main/Logo/CCTV16-light.png,央视频道,http://[2409:8087:1a01:df::7005]/ottrrs.hl.chinamobile.com/PLTV/88888888/224/3221226100/index.m3u8
CCTV17,CCTV17,https://mirror.ghproxy.com/https://raw.githubusercontent.com/drangjchen/IPTV/main/Logo/CCTV17-light.png,央视频道,http://[2409:8087:1a01:df::7005]/ottrrs.hl.chinamobile.com/PLTV/88888888/224/3221225765/index.m3u8
CCTV4k,CCTV4k,https://mirror.ghproxy.com/https://raw.githubusercontent.com/drangjchen/IPTV/main/Logo/CCTV4k-light.png,央视频道,http://27.222.3.214/liveali-tp4k.cctv.cn/live/4K10M.stream/playlist.m3u8
CGTNDocumentary,CGTN纪录,https://mirror.ghproxy.com/https://raw.githubusercontent.com/drangjchen/IPTV/main/Logo/环球纪录.png,央视频道,http://[2409:8087:5e01:34::20]:6610/ZTE_CMS/00000001000000060000000000000528/index.m3u8?IAS
北京卫视,北京卫视,https://mirror.ghproxy.com/https://raw.githubusercontent.com/drangjchen/IPTV/main/Logo/北京卫视.png,卫视频道,http://[2409:8087:1a01:df::7005]/ottrrs.hl.chinamobile.com/PLTV/88888888/224/3221226450/index.m3u8
东方卫视,东方卫视,https://mirror.ghproxy.com/https://raw.githubusercontent.com/drangjchen/IPTV/main/Logo/东方卫视.png,卫视频道,http://[2409:8087:1a01:df::7005]/ottrrs.hl.chinamobile.com/PLTV/88888888/224/3221226345/index.m3u8
湖南卫视,湖南卫视,https://mirror.ghproxy.com/https://raw.githubusercontent.com/drangjchen/IPTV/main/Logo/湖南卫视.png,卫视频道,http://[2409:8087:1a01:df::7005]/ottrrs.hl.chinamobile.com/PLTV/88888888/224/3221226307/index.m3u8
浙江卫视,浙江卫视,https://mirror.ghproxy.com/https://raw.githubusercontent.com/drangjchen/IPTV/main/Logo/浙江卫视.png,卫视频道,http://[2409:8087:1a01:df::7005]/ottrrs.hl.chinamobile.com/PLTV/88888888/224/3221226339/index.m3u8
江苏卫视,江苏卫视,https://mirror.ghproxy.com/https://raw.githubusercontent.com/drangjchen/IPTV/main/Logo/江苏卫视.png,卫视频道,http://[2409:8087:1a01:df::7005]/ottrrs.hl.chinamobile.com/PLTV/88888888/224/3221226310/index.m3u8
江西卫视,江西卫视,https://mirror.ghproxy.com/https://raw.githubusercontent.com/drangjchen/IPTV/main/Logo/江西卫视.png,卫视频道,http://[2409:8087:1a01:df::7005]:80/ottrrs.hl.chinamobile.com/PLTV/88888888/224/3221226344/index.m3u8
河北卫视,河北卫视,https://mirror.ghproxy.com/https://raw.githubusercontent.com/drangjchen/IPTV/main/Logo/河北卫视.png,卫视频道,http://[2409:8087:1a01:df::7005]:80/ottrrs.hl.chinamobile.com/PLTV/88888888/224/3221226406/index.m3u8
河南卫视,河南卫视,https://mirror.ghproxy.com/https://raw.githubusercontent.com/drangjchen/IPTV/main/Logo/河南卫视.png,卫视频道,http://[2409:8087:1a01:df::7005]:80/ottrrs.hl.chinamobile.com/PLTV/88888888/224/3221226480/index.m3u8
旅游卫视,海南卫视,https://mirror.ghproxy.com/https://raw.githubusercontent.com/drangjchen/IPTV/main/Logo/海南卫视.png,卫视频道,http://[2409:8087:1a01:df::7005]:80/ottrrs.hl.chinamobile.com/PLTV/88888888/224/3221226465/index.m3u8
深圳卫视,深圳卫视,https://mirror.ghproxy.com/https://raw.githubusercontent.com/drangjchen/IPTV/main/Logo/深圳卫视.png,卫视频道,http://[2409:8087:1a01:df::7005]/ottrrs.hl.chinamobile.com/PLTV/88888888/224/3221226313/index.m3u8
湖北卫视,湖北卫视,https://mirror.ghproxy.com/https://raw.githubusercontent.com/drangjchen/IPTV/main/Logo/湖北卫视.png,卫视频道,http://[2409:8087:1a01:df::7005]/ottrrs.hl.chinamobile.com/PLTV/88888888/224/3221226477/index.m3u8
四川卫视,四川卫视,https://mirror.ghproxy.com/https://raw.githubusercontent.com/drangjchen/IPTV/main/Logo/四川卫视.png,卫视频道,http://[2409:8087:1a01:df::7005]:80/ottrrs.hl.chinamobile.com/PLTV/88888888/224/3221226338/index.m3u8
天津卫视,天津卫视,https://mirror.ghproxy.com/https://raw.githubusercontent.com/drangjchen/IPTV/main/Logo/天津卫视.png,卫视频道,http://[2409:8087:1a01:df::7005]/ottrrs.hl.chinamobile.com/PLTV/88888888/224/3221226459/index.m3u8
安徽卫视,安徽卫视,https://mirror.ghproxy.com/https://raw.githubusercontent.com/drangjchen/IPTV/main/Logo/安徽卫视.png,卫视频道,http://[2409:8087:1a01:df::7005]/ottrrs.hl.chinamobile.com/PLTV/88888888/224/3221226391/index.m3u8
山东卫视,山东卫视,https://mirror.ghproxy.com/https://raw.githubusercontent.com/drangjchen/IPTV/main/Logo/山东卫视.png,卫视频道,http://[2409:8087:1a01:df::7005]/ottrrs.hl.chinamobile.com/PLTV/88888888/224/3221226456/index.m3u8
广东卫视,广东卫视,https://mirror.ghproxy.com/https://raw.githubusercontent.com/drangjchen/IPTV/main/Logo/广东卫视.png,卫视频道,http://[2409:8087:1a01:df::7005]/ottrrs.hl.chinamobile.com/PLTV/88888888/224/3221226248/index.m3u8
,,,,http://[2409:8087:1a01:df::7005]/ottrrs.hl.chinamobile.com/PLTV/88888888/224/3221226549/index.m3u8
贵州卫视,贵州卫视,https://mirror.ghproxy.com/https://raw.githubusercontent.com/drangjchen/IPTV/main/Logo/贵州卫视.png,卫视频道,http://[2409:8087:1a01:df::7005]:80/ottrrs.hl.chinamobile.com/PLTV/88888888/224/3221226474/index.m3u8
辽宁卫视,辽宁卫视,https://mirror.ghproxy.com/https://raw.githubusercontent.com/drangjchen/IPTV/main/Logo/辽宁卫视.png,卫视频道,http://[2409:8087:1a01:df::7005]/ottrrs.hl.chinamobile.com/PLTV/88888888/224/3221226546/index.m3u8
重庆卫视,重庆卫视,https://mirror.ghproxy.com/https://raw.githubusercontent.com/drangjchen/IPTV/main/Logo/重庆卫视.png,卫视频道,http://[2409:8087:1a01:df::7005]/ottrrs.hl.chinamobile.com/PLTV/88888888/224/3221226409/index.m3u8
龙江卫视,黑龙江卫视,https://mirror.ghproxy.com/https://raw.githubusercontent.com/drangjchen/IPTV/main/Logo/龙江卫视.png,卫视频道,http://[2409:8087:1a01:df::7005]/ottrrs.hl.chinamobile.com/PLTV/88888888/224/3221226327/index.m3u8
甘肃卫视,甘肃卫视,https://mirror.ghproxy.com/https://raw.githubusercontent.com/drangjchen/IPTV/main/Logo/甘肃卫视.png,卫视频道,http://[2409:8087:5e00:24::1e]:6060/200000001898/460000089800010098/1.m3u8
云南卫视,云南卫视,https://mirror.ghproxy.com/https://raw.githubusercontent.com/drangjchen/IPTV/main/Logo/云南卫视.png,卫视频道,http://[2409:8087:5e00:24::1e]:6060/200000001898/460000089800010119/1.m3u8
青海卫视,青海卫视,https://mirror.ghproxy.com/https://raw.githubusercontent.com/drangjchen/IPTV/main/Logo/青海卫视.png,卫视频道,http://[2409:8087:5e00:24::1e]:6060/200000001898/460000089800010111/1.m3u8
吉林卫视,吉林卫视,https://mirror.ghproxy.com/https://raw.githubusercontent.com/drangjchen/IPTV/main/Logo/吉林卫视.png,卫视频道,http://[2409:8087:1a01:df::7005]:80/ottrrs.hl.chinamobile.com/PLTV/88888888/224/3221226397/index.m3u8
三沙卫视,三沙卫视,https://mirror.ghproxy.com/https://raw.githubusercontent.com/drangjchen/IPTV/main/Logo/三沙卫视.png,卫视频道,http://[2409:8087:5e01:34::21]:6610/ZTE_CMS/08984400000000060000000000000319/index.m3u8?
东南卫视,东南卫视,https://mirror.ghproxy.com/https://raw.githubusercontent.com/drangjchen/IPTV/main/Logo/东南卫视.png,卫视频道,http://[2409:8087:1a01:df::7005]:80/ottrrs.hl.chinamobile.com/PLTV/88888888/224/3221226341/index.m3u8
纪实科教,纪实科教,https://mirror.ghproxy.com/https://raw.githubusercontent.com/drangjchen/IPTV/main/Logo/纪实科教.png,地方频道,http://[2409:8087:1a01:df::7005]:80/ottrrs.hl.chinamobile.com/PLTV/88888888/224/3221225729/index.m3u8
卡酷少儿,卡酷少儿,https://mirror.ghproxy.com/https://raw.githubusercontent.com/drangjchen/IPTV/main/Logo/卡酷少儿.png,地方频道,http://[2409:8087:4c0a:22:1::11]:6410/170000001115/UmaiCHAN164297BESTVSMGSMG9/index.m3u8?AuthInfo=9kOOdBn7MFF%2F2bWjKgahUbM%2BtJ%2FIKUay0816q4f4FPN9pHjY5eGh1%2F3MQt0stvVIcNMY1ycEUDLSM33BfV5mc1yzDtp74FxRG%2BT%2ByX8dhHQ
黑莓动画,黑莓动画,https://mirror.ghproxy.com/https://raw.githubusercontent.com/drangjchen/IPTV/main/Logo/黑莓动画-light.png,地方频道,http://[2409:8087:1a01:df::7005]/ottrrs.hl.chinamobile.com/PLTV/88888888/224/3221225662/index.m3u8
黑莓电影,黑莓电影,https://mirror.ghproxy.com/https://raw.githubusercontent.com/drangjchen/IPTV/main/Logo/黑莓电影-light.png,地方频道,http://[2409:8087:1a0b:df::4014]:80/ottrrs.hl.chinamobile.com/PLTV/88888888/224/3221225743/index.m3u8
纪实人文,纪实人文,https://mirror.ghproxy.com/https://raw.githubusercontent.com/drangjchen/IPTV/main/Logo/纪实人文.png,地方频道,http://[2409:8087:1a01:df::7005]:80/ottrrs.hl.chinamobile.com/PLTV/88888888/224/3221225738/index.m3u8
第一财经,第一财经,https://mirror.ghproxy.com/https://raw.githubusercontent.com/drangjchen/IPTV/main/Logo/第一财经-light.png,地方频道,http://[2409:8087:5e08:24::12]:6610/000000001000/2000000002000000004/index.m3u8?stbId=3&livemode=1&HlsProfileId=&channel-id=hnbblive&Contentid=2000000002000000004&IASHttpSessionId=OTT19019320240419154124000281&yang-1989
东方财经,东方财经,https://mirror.ghproxy.com/https://raw.githubusercontent.com/drangjchen/IPTV/main/Logo/东方财经-light.png,地方频道,http://[2409:8087:5e08:24::12]:6610/000000001000/2000000002000000090/index.m3u8?stbId=3&livemode=1&HlsProfileId=&channel-id=hnbblive&Contentid=2000000002000000090&IASHttpSessionId=OTT19019320240419154124000281&yang-1989
东方影视,东方影视,https://mirror.ghproxy.com/https://raw.githubusercontent.com/drangjchen/IPTV/main/Logo/东方影视-light.png,地方频道,http://[2409:8087:5e08:24::12]:6610/000000001000/2000000002000000013/index.m3u8?stbId=3&livemode=1&HlsProfileId=&channel-id=hnbblive&Contentid=2000000002000000013&IASHttpSessionId=OTT19019320240419154124000281&yang-1989
上海新闻,上海新闻,https://mirror.ghproxy.com/https://raw.githubusercontent.com/drangjchen/IPTV/main/Logo/上海新闻-light.png,地方频道,http://[2409:8087:5e08:24::12]:6610/000000001000/2000000002000000005/index.m3u8?stbId=3&livemode=1&HlsProfileId=&channel-id=hnbblive&Contentid=2000000002000000005&IASHttpSessionId=OTT19019320240419154124000281&yang-1989
上海都市,上海都市,https://mirror.ghproxy.com/https://raw.githubusercontent.com/drangjchen/IPTV/main/Logo/上海都市-light.png,地方频道,http://[2409:8087:5e08:24::12]:6610/000000001000/2000000002000000012/index.m3u8?stbId=3&livemode=1&HlsProfileId=&channel-id=hnbblive&Contentid=2000000002000000012&IASHttpSessionId=OTT19019320240419154124000281&yang-1989
上海外语,上海外语,https://mirror.ghproxy.com/https://raw.githubusercontent.com/drangjchen/IPTV/main/Logo/上海外语-light.png,地方频道,http://[2409:8087:5e08:24::12]:6610/000000001000/2000000002000000001/index.m3u8?stbId=3&livemode=1&HlsProfileId=&channel-id=hnbblive&Contentid=2000000002000000001&IASHttpSessionId=OTT19019320240419154124000281&yang-1989
五星体育,五星体育,https://mirror.ghproxy.com/https://raw.githubusercontent.com/drangjchen/IPTV/main/Logo/五星体育-light.png,地方频道,http://[2409:8087:5e08:24::12]:6610/000000001000/2000000002000000007/index.m3u8?stbId=3&livemode=1&HlsProfileId=&channel-id=hnbblive&Contentid=2000000002000000007&IASHttpSessionId=OTT19019320240419154124000281&yang-1989
生活时尚,生活时尚,https://mirror.ghproxy.com/https://raw.githubusercontent.com/drangjchen/IPTV/main/Logo/生活时尚-light.png,地方频道,http://[2409:8087:5e08:24::12]:6610/000000001000/2000000002000000006/index.m3u8?stbId=3&livemode=1&HlsProfileId=&channel-id=hnbblive&Contentid=2000000002000000006&IASHttpSessionId=OTT19019320240419154124000281&yang-1989
七彩戏剧,七彩戏剧,https://mirror.ghproxy.com/https://raw.githubusercontent.com/drangjchen/IPTV/main/Logo/七彩戏剧-light.png,地方频道,http://[2409:8087:5e08:24::12]:6610/000000001000/2000000002000000010/index.m3u8?stbId=3&livemode=1&HlsProfileId=&channel-id=hnbblive&Contentid=2000000002000000010&IASHttpSessionId=OTT19019320240419154124000281&yang-1989
SITV欢笑剧场,欢笑剧场,https://mirror.ghproxy.com/https://raw.githubusercontent.com/drangjchen/IPTV/main/Logo/SITV欢笑剧场-light.png,数字频道,http://[2409:8087:5e08:24::12]:6610/000000001000/2000000002000000016/index.m3u8?stbId=3&livemode=1&HlsProfileId=&channel-id=hnbblive&Contentid=2000000002000000016&IASHttpSessionId=OTT19019320240419154124000281&yang-1989
SITV动漫秀场,动漫秀场,https://mirror.ghproxy.com/https://raw.githubusercontent.com/drangjchen/IPTV/main/Logo/SITV动漫秀场-light.png,数字频道,http://[2409:8087:5e08:24::12]:6610/000000001000/2000000002000000009/index.m3u8?stbId=3&livemode=1&HlsProfileId=&channel-id=hnbblive&Contentid=2000000002000000009&IASHttpSessionId=OTT19019320240419154124000281&yang-1989
SITV都市剧场,都市剧场,https://mirror.ghproxy.com/https://raw.githubusercontent.com/drangjchen/IPTV/main/Logo/SITV都市剧场-light.png,数字频道,http://[2409:8087:5e08:24::12]:6610/000000001000/2000000002000000015/index.m3u8?stbId=3&livemode=1&HlsProfileId=&channel-id=hnbblive&Contentid=2000000002000000015&IASHttpSessionId=OTT19019320240419154124000281&yang-1989
SITV法治天地,法治天地,https://mirror.ghproxy.com/https://raw.githubusercontent.com/drangjchen/IPTV/main/Logo/SITV法治天地-light.png,数字频道,http://[2409:8087:5e08:24::12]:6610/000000001000/2000000002000000014/index.m3u8?stbId=3&livemode=1&HlsProfileId=&channel-id=hnbblive&Contentid=2000000002000000014&IASHttpSessionId=OTT19019320240419154124000281&yang-1989
SITV金色学堂,金色学堂,https://mirror.ghproxy.com/https://raw.githubusercontent.com/drangjchen/IPTV/main/Logo/SITV金色学堂.png,数字频道,http://[2409:8087:5e08:24::12]:6610/000000001000/2000000002000000061/index.m3u8?stbId=3&livemode=1&HlsProfileId=&channel-id=hnbblive&Contentid=2000000002000000061&IASHttpSessionId=OTT19019320240419154124000281&yang-1989
乐游频道,乐游频道,https://mirror.ghproxy.com/https://raw.githubusercontent.com/drangjchen/IPTV/main/Logo/乐游频道.png,数字频道,http://[2409:8087:5e08:24::12]:6610/000000001000/2000000002000000092/index.m3u8?stbId=3&livemode=1&HlsProfileId=&channel-id=hnbblive&Contentid=2000000002000000092&IASHttpSessionId=OTT19019320240419154124000281&yang-1989
游戏风云,游戏风云,https://mirror.ghproxy.com/https://raw.githubusercontent.com/drangjchen/IPTV/main/Logo/游戏风云.png,数字频道,http://[2409:8087:5e08:24::12]:6610/000000001000/2000000002000000011/index.m3u8?stbId=3&livemode=1&HlsProfileId=&channel-id=hnbblive&Contentid=2000000002000000011&IASHttpSessionId=OTT19019320240419154124000281&yang-1989
金鹰卡通,金鹰卡通,https://mirror.ghproxy.com/https://raw.githubusercontent.com/drangjchen/IPTV/main/Logo/金鹰卡通.png,地方频道,http://[2409:8087:4c0a:22:1::11]:6410/170000001115/UmaiCHAN6000057BESTVSMGSMG/index.m3u8?AuthInfo=9kOOdBn7MFF%2F2bWjKgahUTWDyIgRkFJBAHMhA2ayG0T0ZQXwaiVktPr6ILPKXqwOw2VoxnxHvBSRSzCCC3szSwIgrD0rUpRXeaqChwLXCf0
金鹰纪实,金鹰纪实,https://mirror.ghproxy.com/https://raw.githubusercontent.com/drangjchen/IPTV/main/Logo/金鹰纪实.png,地方频道,http://[2409:8087:4c0a:22:1::11]:6410/170000001115/UmaiCHAN4766929BESTVSMGSMG/index.m3u8?m3u8_level=2
茶友频道,茶友频道,https://mirror.ghproxy.com/https://raw.githubusercontent.com/drangjchen/IPTV/main/Logo/茶友频道.png,数字频道,http://[2409:8087:4c0a:22:1::11]:6410/170000001115/UmaiCHAN638729d8aca53/index.m3u8?AuthInfo=9kOOdBn7MFF%2F2bWjKgahUSBx06ZL9Bo6JOM%2BSTjxZRIdUCZxTtaM%2Bza0L7mJjkPMmnEhAf%2Bi68sKjzRCbPoTU0E%2B6Pia2CkRtxgPs8Tmw7I
快乐垂钓,快乐垂钓,https://mirror.ghproxy.com/https://raw.githubusercontent.com/drangjchen/IPTV/main/Logo/快乐垂钓.png,数字频道,http://[2409:8087:4c0a:22:1::11]:6410/170000001115/UmaiCHAN638729b6002c4/index.m3u8?m3u8_level=2
求索纪录,求索纪录,https://mirror.ghproxy.com/https://raw.githubusercontent.com/drangjchen/IPTV/main/Logo/求索纪录-light.png,数字频道,http://[2409:8087:5e08:24::12]:6610/000000001000/2000000004000000010/index.m3u8?stbId=3&livemode=1&HlsProfileId=&channel-id=hnbblive&Contentid=2000000004000000010&IASHttpSessionId=OTT19019320240419154124000281
求索科学,求索科学,https://mirror.ghproxy.com/https://raw.githubusercontent.com/drangjchen/IPTV/main/Logo/求索科学-light.png,数字频道,http://[2409:8087:5e08:24::12]:6610/000000001000/2000000004000000011/index.m3u8?stbId=3&livemode=1&HlsProfileId=&channel-id=hnbblive&Contentid=2000000004000000011&IASHttpSessionId=OTT19019320240419154124000281
求索生活,求索生活,https://mirror.ghproxy.com/https://raw.githubusercontent.com/drangjchen/IPTV/main/Logo/求索生活-light.png,数字频道,http://[2409:8087:5e08:24::12]:6610/000000001000/2000000004000000008/index.m3u8?stbId=3&livemode=1&HlsProfileId=&channel-id=hnbblive&Contentid=2000000004000000008&IASHttpSessionId=OTT19019320240419154124000281
求索动物,求索动物,https://mirror.ghproxy.com/https://raw.githubusercontent.com/drangjchen/IPTV/main/Logo/求索动物-light.png,数字频道,http://[2409:8087:5e08:24::12]:6610/000000001000/2000000004000000009/index.m3u8?stbId=3&livemode=1&HlsProfileId=&channel-id=hnbblive&Contentid=2000000004000000009&IASHttpSessionId=OTT19019320240419154124000281
文物宝库,文物宝库,https://mirror.ghproxy.com/https://raw.githubusercontent.com/drangjchen/IPTV/main/Logo/文物宝库.png,数字频道,http://[2409:8087:4c0a:22:1::11]:6410/170000001115/UmaiCHAN638078a346161/index.m3u8?AuthInfo=toEYVdLfxymUP2l9NZpQI5%2BK6T7j%2FlRm%2BvbM9VO7bA199v9hZiIrZ%2B5X675R6%2FGDjgcqn5UaJ6D814KM9%2FvF7QwvFfeEXMAK7LltfEC%2FKQQ
第一剧场,第一剧场,https://mirror.ghproxy.com/https://raw.githubusercontent.com/drangjchen/IPTV/main/Logo/第一剧场-light.png,数字频道,http://[2409:8087:4c0a:22:1::11]:6410/170000001115/UmaiCHAN638077f5ca035/1.m3u8?m3u8_level=2
风云足球,风云足球,https://mirror.ghproxy.com/https://raw.githubusercontent.com/drangjchen/IPTV/main/Logo/风云足球-light.png,数字频道,http://[2409:8087:4c0a:22:1::11]:6410/170000001115/UmaiCHAN638077160c04a/1.m3u8?m3u8_level=2
兵器科技,兵器科技,https://mirror.ghproxy.com/https://raw.githubusercontent.com/drangjchen/IPTV/main/Logo/兵器科技-light.png,数字频道,http://[2409:8087:4c0a:22:1::11]:6410/170000001115/UmaiCHAN638077907bdcd/1.m3u8?m3u8_level=2
世界地理,世界地理,https://mirror.ghproxy.com/https://raw.githubusercontent.com/drangjchen/IPTV/main/Logo/世界地理-light.png,数字频道,http://[2409:8087:4c0a:22:1::11]:6410/170000001115/UmaiCHAN638077a61f4f3/1.m3u8?m3u8_level=2
央视台球,央视台球,https://mirror.ghproxy.com/https://raw.githubusercontent.com/drangjchen/IPTV/main/Logo/央视台球-light.png,数字频道,http://[2409:8087:4c0a:22:1::11]:6410/170000001115/UmaiCHAN6380775932cff/1.m3u8?m3u8_level=2
央视高网,高尔夫网球,https://mirror.ghproxy.com/https://raw.githubusercontent.com/drangjchen/IPTV/main/Logo/央视高网-light.png,数字频道,http://[2409:8087:4c0a:22:1::11]:6410/170000001115/UmaiCHAN63807743b61bb/1.m3u8?m3u8_level=2
CHC高清电影,CHC高清电影,https://mirror.ghproxy.com/https://raw.githubusercontent.com/drangjchen/IPTV/main/Logo/CHC高清电影.png,数字频道,http://[2409:8087:4c0a:22:1::11]:6410/170000001115/UmaiCHAN6380764b172c9/index.m3u8?AuthInfo=9kOOdBn7MFF%2F2bWjKgahUTrwI%2B%2BngB0lPRofcD8hTNS8qWmEGeaUedzcFVVumqf9cm8lJoOcrIZueLbqOJTuoPV%2FwBk6CoHYGFV14SkLW04
CHC动作电影,CHC动作电影,https://mirror.ghproxy.com/https://raw.githubusercontent.com/drangjchen/IPTV/main/Logo/CHC动作电影.png,数字频道,http://[2409:8087:4c0a:22:1::11]:6410/170000001115/UmaiCHAN6380763222d00/index.m3u8?AuthInfo=9kOOdBn7MFF%2F2bWjKgahUTrwI%2B%2BngB0lPRofcD8hTNSXQZMUEnZPBI3Y%2BI8ABE4PJC%2B6OvlZZw5ubC%2FbrIdxFJJY1CcAGU%2BYDDQV9oJ%2FVqQ
CHC家庭电影,CHC家庭电影,https://mirror.ghproxy.com/https://raw.githubusercontent.com/drangjchen/IPTV/main/Logo/CHC家庭影院.png,数字频道,http://[2409:8087:4c0a:22:1::11]:6410/170000001115/UmaiCHAN63807601b19dd/index.m3u8?AuthInfo=9kOOdBn7MFF%2F2bWjKgahUTrwI%2B%2BngB0lPRofcD8hTNRxu2SqX2RKsLT0S7AyQ8XopIVrD6IJGxdajeuKy4iZqZ4tkZuiEpwSRPszF6PIvg4
NewTv超级电影,newtv超级电影,https://mirror.ghproxy.com/https://raw.githubusercontent.com/drangjchen/IPTV/main/Logo/NEWTV超级电影-light.png,数字频道,http://[2409:8087:1a01:df::7005]/ottrrs.hl.chinamobile.com/PLTV/88888888/224/3221225717/index.m3u8
NewTv超级电视剧,newtv超级电视剧,https://mirror.ghproxy.com/https://raw.githubusercontent.com/drangjchen/IPTV/main/Logo/NEWTV超级电视剧-light.png,数字频道,http://[2409:8087:1a01:df::7005]/ottrrs.hl.chinamobile.com/PLTV/88888888/224/3221225716/index.m3u8
NewTv超级体育,newtv超级体育,https://mirror.ghproxy.com/https://raw.githubusercontent.com/drangjchen/IPTV/main/Logo/NEWTV超级体育-light.png,数字频道,http://[2409:8087:1a01:df::7005]/ottrrs.hl.chinamobile.com/PLTV/88888888/224/3221225715/index.m3u8
NewTv超级综艺,newtv超级综艺,https://mirror.ghproxy.com/https://raw.githubusercontent.com/drangjchen/IPTV/main/Logo/NEWTV超级综艺-light.png,数字频道,http://[2409:8087:1a01:df::7005]/ottrrs.hl.chinamobile.com/PLTV/88888888/224/3221225714/index.m3u8
NewTv金牌综艺,newtv金牌综艺,https://mirror.ghproxy.com/https://raw.githubusercontent.com/drangjchen/IPTV/main/Logo/NEWTV金牌综艺-light.png,数字频道,http://[2409:8087:1a01:df::7005]/ottrrs.hl.chinamobile.com/PLTV/88888888/224/3221225666/index.m3u8
NewTv东北热剧,newtv东北热剧,https://mirror.ghproxy.com/https://raw.githubusercontent.com/drangjchen/IPTV/main/Logo/NEWTV东北热剧-light.png,数字频道,http://[2409:8087:1a01:df::7005]/ottrrs.hl.chinamobile.com/PLTV/88888888/224/3221225741/index.m3u8
NewTv精品萌宠,newtv精品萌宠,https://mirror.ghproxy.com/https://raw.githubusercontent.com/drangjchen/IPTV/main/Logo/NEWTV精品萌宠-light.png,数字频道,http://[2409:8087:1a01:df::7005]/ottrrs.hl.chinamobile.com/PLTV/88888888/224/3221226505/index.m3u8
NewTv欢乐剧场,newtv欢乐剧场,https://mirror.ghproxy.com/https://raw.githubusercontent.com/drangjchen/IPTV/main/Logo/NEWTV欢乐剧场-light.png,数字频道,http://[2409:8087:1a01:df::7005]/ottrrs.hl.chinamobile.com/PLTV/88888888/224/3221225742/index.m3u8
NewTv潮妈辣婆,newtv潮妈辣婆,https://mirror.ghproxy.com/https://raw.githubusercontent.com/drangjchen/IPTV/main/Logo/NEWTV潮妈辣婆-light.png,数字频道,http://[2409:8087:1a0b:df::4007]:80/ottrrs.hl.chinamobile.com/PLTV/88888888/224/3221225685/index.m3u8
NewTv军旅剧场,newtv军旅剧场,https://mirror.ghproxy.com/https://raw.githubusercontent.com/drangjchen/IPTV/main/Logo/NEWTV军旅剧场-light.png,数字频道,http://[2409:8087:1a0b:df::4018]:80/ottrrs.hl.chinamobile.com/PLTV/88888888/224/3221225676/index.m3u8
NewTv中国功夫,newtv中国功夫,https://mirror.ghproxy.com/https://raw.githubusercontent.com/drangjchen/IPTV/main/Logo/NEWTV中国功夫-light.png,数字频道,http://[2409:8087:1a0b:df::4001]:80/ottrrs.hl.chinamobile.com/PLTV/88888888/224/3221225681/index.m3u8
NewTv家庭剧场,newtv家庭剧场,https://mirror.ghproxy.com/https://raw.githubusercontent.com/drangjchen/IPTV/main/Logo/NEWTV家庭剧场-light.png,数字频道,http://[2409:8087:1a0b:df::4007]:80/ottrrs.hl.chinamobile.com/PLTV/88888888/224/3221225677/index.m3u8
NewTv惊悚悬疑,newtv惊悚悬疑,https://mirror.ghproxy.com/https://raw.githubusercontent.com/drangjchen/IPTV/main/Logo/NEWTV惊悚悬疑-light.png,数字频道,http://[2409:8087:1a0b:df::4002]:80/ottrrs.hl.chinamobile.com/PLTV/88888888/224/3221225665/index.m3u8
NewTv精品体育,newtv精品体育,https://mirror.ghproxy.com/https://raw.githubusercontent.com/drangjchen/IPTV/main/Logo/NEWTV精品体育-light.png,数字频道,http://[2409:8087:1a0b:df::4004]:80/ottrrs.hl.chinamobile.com/PLTV/88888888/224/3221225674/index.m3u8
NewTv精品大剧,newtv精品大剧,https://mirror.ghproxy.com/https://raw.githubusercontent.com/drangjchen/IPTV/main/Logo/NEWTV精品大剧-light.png,数字频道,http://[2409:8087:1a0b:df::4001]:80/ottrrs.hl.chinamobile.com/PLTV/88888888/224/3221225670/index.m3u8
NewTv军事评论,newtv军事评论,https://mirror.ghproxy.com/https://raw.githubusercontent.com/drangjchen/IPTV/main/Logo/NEWTV军事评论-light.png,数字频道,http://[2409:8087:1a0b:df::4005]:80/ottrrs.hl.chinamobile.com/PLTV/88888888/224/3221225668/index.m3u8
NewTv精品纪录,newtv精品纪录,https://mirror.ghproxy.com/https://raw.githubusercontent.com/drangjchen/IPTV/main/Logo/NEWTV精品纪录-light.png,数字频道,http://[2409:8087:1a0b:df::4007]:80/ottrrs.hl.chinamobile.com/PLTV/88888888/224/3221225672/index.m3u8
NewTv明星大片,newtv明星大片,https://mirror.ghproxy.com/https://raw.githubusercontent.com/drangjchen/IPTV/main/Logo/NEWTV明星大片-light.png,数字频道,http://[2409:8087:1a0b:df::4005]:80/ottrrs.hl.chinamobile.com/PLTV/88888888/224/3221225664/index.m3u8
CCTV1,CCTV1,https://live.fanmingming.com/tv/CCTV1.png,央视频道,http://[2409:8087:4c0a:22:1::11]:6410/170000001115/UmaiCHAN111128BESTVSMGSMG/index.m3u8?AuthInfo=9kOOdBn7MFF%2F2bWjKgahUU6FFmRK8Hl0ytyd5e5kWGEwoDIwMxbrlyyVy9x6ZDKnldIYKOjBOUjRyoym5n7Kg0yIYstFTUfqtC14fzxhy5Y
CCTV2,CCTV2,https://live.fanmingming.com/tv/CCTV2.png,央视频道,http://[2409:8087:4c0a:22:1::11]:6410/170000001115/UmaiCHAN5000036BESTVSMGSMG/index.m3u8?AuthInfo=9kOOdBn7MFF%2F2bWjKgahUSpr1AVNI633ampcuzdN%2BfGVSARKsxkWGZw7vFUuOj2QZHeRzosIxVbl7i2QHFATHA3k5wDWG1qHkZQAleNv%2FbI
CCTV4,CCTV4,https://live.fanmingming.com/tv/CCTV4.png,央视频道,http://[2409:8087:4c0a:22:1::11]:6410/170000001115/UmaiCHAN5000037BESTVSMGSMG/index.m3u8?AuthInfo=9kOOdBn7MFF%2F2bWjKgahUSpr1AVNI633ampcuzdN%2BfH0ZQXwaiVktPr6ILPKXqwOUC2ZXft7ZULN6h9qLQPFOTSlVTfophiKaMb8h1kPV74
CCTV5,CCTV5,https://live.fanmingming.com/tv/CCTV5.png,央视频道,http://[2409:8087:4c0a:22:1::11]:6410/170000001115/UmaiCHAN638727e617ca0/index.m3u8?AuthInfo=9kOOdBn7MFF%2F2bWjKgahUSPTZ4CK5oLfjaEYe9dogNMSXw4ajlL%2FoUYC2RZQQDco6uQSifXBocz5ID6RePfIKQ4rFWiHjq%2FeZoDmrzW%2FKlw
CCTV6,CCTV6,https://live.fanmingming.com/tv/CCTV6.png,央视频道,http://[2409:8087:4c0a:22:1::11]:6410/170000001115/UmaiCHAN638728804b1f9/index.m3u8?AuthInfo=9kOOdBn7MFF%2F2bWjKgahUdDh4EPdDnvGlSBkYaxFdazJhFQmuq4XUiks9ZrIlJN%2BknLs8H%2BSxcDXy%2BTesEc8Q0KCN89MjYoj85Sol1kbKI4
CCTV7,CCTV7,https://live.fanmingming.com/tv/CCTV7.png,央视频道,http://[2409:8087:4c0a:22:1::11]:6410/170000001115/UmaiCHAN5000038BESTVSMGSMG/index.m3u8?AuthInfo=9kOOdBn7MFF%2F2bWjKgahUSpr1AVNI633ampcuzdN%2BfHYKFve4MwNzRa0jPXeHjqnBjPmzSdKDNWNHhnZSaMGCXKmdx8d%2BnYdhVK5ge22ot4
CCTV8,CCTV8,https://live.fanmingming.com/tv/CCTV8.png,央视频道,http://[2409:8087:4c0a:22:1::11]:6410/170000001115/UmaiCHAN638728970aa82/index.m3u8?AuthInfo=9kOOdBn7MFF%2F2bWjKgahUdDh4EPdDnvGlSBkYaxFdaymid9ta2tVUW0%2FdVrFqszC1EVEkAbpip1IYxn%2Ba2aA%2BVAihIiw9D8ejUsDbfU0K68
CCTV9,CCTV9,https://live.fanmingming.com/tv/CCTV9.png,央视频道,http://[2409:8087:4c0a:22:1::11]:6410/170000001115/UmaiCHAN5000039BESTVSMGSMG/index.m3u8?AuthInfo=9kOOdBn7MFF%2F2bWjKgahUSpr1AVNI633ampcuzdN%2BfHArfvJF2pWpm4RxcBNhZ7j9vEUeCQte%2BbQaOGNIUEEK%2B3RBE1BC9EUsM18gnb%2FyAA
CCTV11,CCTV11,https://live.fanmingming.com/tv/CCTV11.png,央视频道,http://[2409:8087:4c0a:22:1::11]:6410/170000001115/UmaiCHAN6000053BESTVSMGSMG/index.m3u8?AuthInfo=9kOOdBn7MFF%2F2bWjKgahUTWDyIgRkFJBAHMhA2ayG0Qj2xHA4vdPGsjBbxSL3p%2FmAObVTfznR%2Fpc%2B76QYmLRMuL3Lj9iabhv8arW7kJe6%2F4
CCTV12,CCTV12,https://live.fanmingming.com/tv/CCTV12.png,央视频道,http://[2409:8087:4c0a:22:1::11]:6410/170000001115/UmaiCHAN5000040BESTVSMGSMG/index.m3u8?AuthInfo=9kOOdBn7MFF%2F2bWjKgahUd3JM2PCgDefrKOVZLNt0QMAmpLefguRLiOPXiDRWhxHg8yim2giTBA8RILsb%2B8Y5pkFUyZBE%2FkNJAbwncEegkU
CCTV13,CCTV13,https://live.fanmingming.com/tv/CCTV13.png,央视频道,http://[2409:8087:4c0a:22:1::11]:6410/170000001115/UmaiCHAN6000054BESTVSMGSMG/index.m3u8?AuthInfo=9kOOdBn7MFF%2F2bWjKgahUTWDyIgRkFJBAHMhA2ayG0SuXozn3alq9%2BUx7ZLG1w9awc14iEUxQ5VsTsr5pEBsmF56tXUfsukRUpygmTCKvAI
CCTV14,CCTV14,https://live.fanmingming.com/tv/CCTV14.png,央视频道,http://[2409:8087:4c0a:22:1::11]:6410/170000001115/UmaiCHAN3949788BESTVSMGSMG/index.m3u8?AuthInfo=9kOOdBn7MFF%2F2bWjKgahUXt3TPFwzzdHCkOT9AjSv5PYKFve4MwNzRa0jPXeHjqnp7khdLaCMP6L4QpTf84Oz6DvCG1%2BJ81QvStkxO%2FoGm8
CCTV15,CCTV15,https://live.fanmingming.com/tv/CCTV15.png,央视频道,http://[2409:8087:4c0a:22:1::11]:6410/170000001115/UmaiCHAN6000055BESTVSMGSMG/index.m3u8?AuthInfo=9kOOdBn7MFF%2F2bWjKgahUTWDyIgRkFJBAHMhA2ayG0Tdo%2FUL80msfbhDYvoWpNl31Dy7jHvMl%2FzVUrNxhL1ek1YEGVDZ7lCg0LtKJY4Ku%2B8
CCTV17,CCTV17,https://live.fanmingming.com/tv/CCTV17.png,央视频道,http://[2409:8087:4c0a:22:1::11]:6410/170000001115/UmaiCHAN638728afa13b4/index.m3u8?AuthInfo=9kOOdBn7MFF%2F2bWjKgahUdDh4EPdDnvGlSBkYaxFdaz%2FyAI9to%2FMBBt%2FivcdSfljJ1%2FqqamWUjAiBAxNssfyBlZUDSXAIMtStS86hRHFuJM
CHC影迷电影,CHC影迷电影,https://live.fanmingming.com/tv/CHC影迷电影.png,央视频道,http://[2409:8087:4c0a:22:1::11]:6410/170000001115/UmaiCHAN6380764b172c9/index.m3u8?m3u8_level=2
CHC动作电影,CHC动作电影,https://live.fanmingming.com/tv/CHC动作电影.png,央视频道,http://[2409:8087:4c0a:22:1::11]:6410/170000001115/UmaiCHAN6380763222d00/index.m3u8?m3u8_level=2
CHC家庭影院,CHC家庭影院,https://live.fanmingming.com/tv/CHC家庭影院.png,央视频道,http://[2409:8087:4c0a:22:1::11]:6410/170000001115/UmaiCHAN63807601b19dd/index.m3u8?m3u8_level=2
凤凰中文,凤凰中文,https://live.fanmingming.com/tv/凤凰卫视中文台.png,卫视频道,http://116.162.6.192/1.v.smtcdns.net/qctv.fengshows.cn/live/0701pcc72.m3u8
凤凰资讯,凤凰资讯,https://live.fanmingming.com/tv/凤凰卫视资讯台.png,卫视频道,http://116.162.6.192/1.v.smtcdns.net/qctv.fengshows.cn/live/0701pin72.m3u8
凤凰香港,凤凰香港,https://live.fanmingming.com/tv/凤凰卫视香港台.png,卫视频道,http://116.162.6.192/1.v.smtcdns.net/qctv.fengshows.cn/live/0701phk72.m3u8
北京卫视,北京卫视,https://live.fanmingming.com/tv/北京卫视.png,卫视频道,http://[2409:8087:1a01:df::7005]:80/ottrrs.hl.chinamobile.com/PLTV/88888888/224/3221226450/index.m3u8
湖南卫视,湖南卫视,https://live.fanmingming.com/tv/湖南卫视.png,卫视频道,http://[2409:8087:1a01:df::7005]:80/ottrrs.hl.chinamobile.com/PLTV/88888888/224/3221226307/index.m3u8
东方卫视,东方卫视,https://live.fanmingming.com/tv/东方卫视.png,卫视频道,http://[2409:8087:1a01:df::7005]:80/ottrrs.hl.chinamobile.com/PLTV/88888888/224/3221226345/index.m3u8
天津卫视,天津卫视,https://live.fanmingming.com/tv/天津卫视.png,卫视频道,http://[2409:8087:1a01:df::7005]:80/ottrrs.hl.chinamobile.com/PLTV/88888888/224/3221226459/index.m3u8
安徽卫视,安徽卫视,https://live.fanmingming.com/tv/安徽卫视.png,卫视频道,http://[2409:8087:1a01:df::7005]:80/ottrrs.hl.chinamobile.com/PLTV/88888888/224/3221226391/index.m3u8
山东卫视,山东卫视,https://live.fanmingming.com/tv/山东卫视.png,卫视频道,http://[2409:8087:1a01:df::7005]:80/ottrrs.hl.chinamobile.com/PLTV/88888888/224/3221226456/index.m3u8
深圳卫视,深圳卫视,https://live.fanmingming.com/tv/深圳卫视.png,卫视频道,http://[2409:8087:1a01:df::7005]:80/ottrrs.hl.chinamobile.com/PLTV/88888888/224/3221226313/index.m3u8
广东卫视,广东卫视,https://live.fanmingming.com/tv/广东卫视.png,卫视频道,http://[2409:8087:1a01:df::7005]:80/ottrrs.hl.chinamobile.com/PLTV/88888888/224/3221226248/index.m3u8
广西卫视,广西卫视,https://live.fanmingming.com/tv/广西卫视.png,卫视频道,http://[2409:8087:1a01:df::7005]:80/ottrrs.hl.chinamobile.com/PLTV/88888888/224/3221226549/index.m3u8
江苏卫视,江苏卫视,https://live.fanmingming.com/tv/江苏卫视.png,卫视频道,http://[2409:8087:1a01:df::7005]:80/ottrrs.hl.chinamobile.com/PLTV/88888888/224/3221226310/index.m3u8
浙江卫视,浙江卫视,https://live.fanmingming.com/tv/浙江卫视.png,卫视频道,http://[2409:8087:1a01:df::7005]:80/ottrrs.hl.chinamobile.com/PLTV/88888888/224/3221226339/index.m3u8
湖北卫视,湖北卫视,https://live.fanmingming.com/tv/湖北卫视.png,卫视频道,http://[2409:8087:1a01:df::7005]:80/ottrrs.hl.chinamobile.com/PLTV/88888888/224/3221226477/index.m3u8
山西卫视,山西卫视,https://live.fanmingming.com/tv/山西卫视.png,卫视频道,http://[2409:8087:5e01:34::21]:6610/ZTE_CMS/00000001000000060000000000000318/index.m3u8?IAS
辽宁卫视,辽宁卫视,https://live.fanmingming.com/tv/辽宁卫视.png,卫视频道,http://[2409:8087:1a01:df::7005]:80/ottrrs.hl.chinamobile.com/PLTV/88888888/224/3221226546/index.m3u8
重庆卫视,重庆卫视,https://live.fanmingming.com/tv/重庆卫视.png,卫视频道,http://[2409:8087:1a01:df::7005]:80/ottrrs.hl.chinamobile.com/PLTV/88888888/224/3221226409/index.m3u8
黑龙江卫视,黑龙江卫视,https://live.fanmingming.com/tv/黑龙江卫视.png,卫视频道,http://[2409:8087:1a01:df::7005]:80/ottrrs.hl.chinamobile.com/PLTV/88888888/224/3221226327/index.m3u8
内蒙古卫视,内蒙古卫视,https://live.fanmingming.com/tv/内蒙古卫视.png,卫视频道,http://[2409:8087:5e01:34::20]:6610/ZTE_CMS/00000001000000060000000000000319/index.m3u8?IAS
宁夏卫视,宁夏卫视,https://live.fanmingming.com/tv/宁夏卫视.png,卫视频道,http://[2409:8087:5e01:34::20]:6610/ZTE_CMS/00000001000000060000000000000309/index.m3u8?IAS
陕西卫视,陕西卫视,https://live.fanmingming.com/tv/陕西卫视.png,卫视频道,http://[2409:8087:5e01:34::22]:6610/ZTE_CMS/00000001000000060000000000000313/index.m3u8?IAS
甘肃卫视,甘肃卫视,https://live.fanmingming.com/tv/甘肃卫视.png,卫视频道,http://[2409:8087:1a0b:df::4005]:80/ottrrs.hl.chinamobile.com/PLTV/88888888/224/3221225633/index.m3u8
云南卫视,云南卫视,https://live.fanmingming.com/tv/云南卫视.png,卫视频道,http://[2409:8087:5e01:34::22]:6610/ZTE_CMS/00000001000000060000000000000305/index.m3u8?IAS
三沙卫视,三沙卫视,https://live.fanmingming.com/tv/三沙卫视.png,卫视频道,http://[2409:8087:5e01:34::21]:6610/ZTE_CMS/08984400000000060000000000000319/index.m3u8?IAS
青海卫视,青海卫视,https://live.fanmingming.com/tv/青海卫视.png,卫视频道,http://[2409:8087:1a0b:df::4002]:80/ottrrs.hl.chinamobile.com/PLTV/88888888/224/3221225628/index.m3u8
新疆卫视,新疆卫视,https://live.fanmingming.com/tv/新疆卫视.png,卫视频道,http://[2409:8087:1a0b:df::4005]:80/ottrrs.hl.chinamobile.com/PLTV/88888888/224/3221225635/index.m3u8
西藏卫视,西藏卫视,https://live.fanmingming.com/tv/西藏卫视.png,卫视频道,http://[2409:8087:5e01:34::23]:6610/ZTE_CMS/00000001000000060000000000000317/index.m3u8?IAS
兵团卫视,兵团卫视,https://live.fanmingming.com/tv/兵团卫视.png,卫视频道,http://[2409:8087:1a0b:df::4020]:80/ottrrs.hl.chinamobile.com/PLTV/88888888/224/3221226439/index.m3u8
延边卫视,延边卫视,https://live.fanmingming.com/tv/延边卫视.png,卫视频道,http://[2409:8087:1a0b:df::4020]:80/ottrrs.hl.chinamobile.com/PLTV/88888888/224/3221226516/index.m3u8
安多卫视,安多卫视,https://live.fanmingming.com/tv/安多卫视.png,卫视频道,http://[2409:8087:1a0b:df::4007]:80/ottrrs.hl.chinamobile.com/PLTV/88888888/224/3221225659/index.m3u8
厦门卫视,厦门卫视,https://live.fanmingming.com/tv/厦门卫视.png,卫视频道,http://[2409:8087:5e01:34::22]:6610/ZTE_CMS/00000001000000060000000000000193/index.m3u8?IAS
康巴卫视,康巴卫视,https://live.fanmingming.com/tv/康巴卫视.png,卫视频道,http://[2409:8087:1a0b:df::4005]:80/ottrrs.hl.chinamobile.com/PLTV/88888888/224/3221225660/index.m3u8
中国教育1台,中国教育1台,https://live.fanmingming.com/tv/CETV1.png,卫视频道,http://[2409:8087:1a0b:df::4020]:80/ottrrs.hl.chinamobile.com/PLTV/88888888/224/3221225652/index.m3u8
中国教育2台,中国教育2台,https://live.fanmingming.com/tv/CETV2.png,卫视频道,http://[2409:8087:1a0b:df::4013]:80/ottrrs.hl.chinamobile.com/PLTV/88888888/224/3221226425/index.m3u8
中国教育4台,中国教育4台,https://live.fanmingming.com/tv/CETV4.png,卫视频道,http://[2409:8087:1a0b:df::4020]:80/ottrrs.hl.chinamobile.com/PLTV/88888888/224/3221225783/index.m3u8
"爱上4K""  tvg-logo=""https://live.fanmingming.com/tv/爱上4K.png","爱上4K""  tvg-logo=""https://live.fanmingming.com/tv/爱上4K.png",,数字频道,http://[2409:8087:5e01:34::23]:6610/ZTE_CMS/00000001000000060000000000000459/index.m3u8?IAS
劲爆体育,劲爆体育,https://live.fanmingming.com/tv/劲爆体育.png,数字频道,http://[2409:8087:5e08:24::12]:6610/000000001000/2000000002000000008/index.m3u8?stbId=3&livemode=1&HlsProfileId=&channel-id=hnbblive&Contentid=2000000002000000008&IASHttpSessionId=OTT19019320240419154124000281
全纪实,全纪实,https://live.fanmingming.com/tv/乐游.png,数字频道,http://[2409:8087:5e08:24::12]:6610/000000001000/2000000002000000092/index.m3u8?stbId=3&livemode=1&HlsProfileId=&channel-id=hnbblive&Contentid=2000000002000000092&IASHttpSessionId=OTT19019320240419154124000281
卡酷动画,卡酷动画,https://live.fanmingming.com/tv/卡酷少儿.png,数字频道,http://[2409:8087:1a0b:df::4020]:80/ottrrs.hl.chinamobile.com/PLTV/88888888/224/3221225654/index.m3u8
金鹰卡通,金鹰卡通,https://live.fanmingming.com/tv/金鹰卡通.png,数字频道,http://[2409:8087:1a0b:df::4008]:80/ottrrs.hl.chinamobile.com/PLTV/88888888/224/3221225653/index.m3u8
哒啵赛事,哒啵赛事,https://live.fanmingming.com/tv/哒啵赛事.png,数字频道,http://[2409:8087:1a01:df::7005]:80/ottrrs.hl.chinamobile.com/PLTV/88888888/224/3221225675/index.m3u8
哒啵电竞,哒啵电竞,https://live.fanmingming.com/tv/哒啵电竞.png,数字频道,http://[2409:8087:5e08:24::12]:6610/000000001000/2000000003000000066/index.m3u8?stbId=3&livemode=1&HlsProfileId=&channel-id=hnbblive&Contentid=2000000003000000066&IASHttpSessionId=OTT19019320240419154124000281
优漫卡通,优漫卡通,https://live.fanmingming.com/tv/优漫卡通.png,数字频道,http://[2409:8087:1a0b:df::4005]:80/ottrrs.hl.chinamobile.com/PLTV/88888888/224/3221225656/index.m3u8
哈哈炫动,哈哈炫动,https://live.fanmingming.com/tv/哈哈炫动.png,数字频道,http://[2409:8087:1a0b:df::4001]:80/ottrrs.hl.chinamobile.com/PLTV/88888888/224/3221225657/index.m3u8
黑莓动画,黑莓动画,https://live.fanmingming.com/tv/黑莓动画.png,数字频道,http://[2409:8087:1a0b:df::4006]:80/ottrrs.hl.chinamobile.com/PLTV/88888888/224/3221225662/index.m3u8
梨园,梨园,https://live.fanmingming.com/tv/河南梨园.png,数字频道,http://[2409:8087:4c0a:22:1::11]:6410/170000001115/UmaiCHAN6380788ba7bed/index.m3u8?AuthInfo=toEYVdLfxymUP2l9NZpQI5%2BK6T7j%2FlRm%2BvbM9VO7bA0q1S1k1f36SqqriM0FZoFSAJRfCt8SS7X6sTRmXb81a8O4H%2FdroDKjLoDeaMQdyJQ
NewTv超级体育,newtv超级体育,https://live.fanmingming.com/tv/NEWTV超级体育.png,数字频道,http://[2409:8087:1a01:df::7005]:80/ottrrs.hl.chinamobile.com/PLTV/88888888/224/3221225715/index.m3u8
NewTv超级电影,newtv超级电影,https://live.fanmingming.com/tv/NEWTV超级电影.png,数字频道,http://[2409:8087:1a01:df::7005]:80/ottrrs.hl.chinamobile.com/PLTV/88888888/224/3221225717/index.m3u8
NewTv超级电视剧,newtv超级电视剧,https://live.fanmingming.com/tv/NEWTV超级电视剧.png,数字频道,http://[2409:8087:1a01:df::7005]:80/ottrrs.hl.chinamobile.com/PLTV/88888888/224/3221225716/index.m3u8
NewTv东北热剧,newtv东北热剧,https://live.fanmingming.com/tv/NEWTV东北热剧.png,数字频道,http://[2409:8087:1a01:df::7005]:80/ottrrs.hl.chinamobile.com/PLTV/88888888/224/3221225741/index.m3u8
NewTv海外剧场,newtv海外剧场,https://live.fanmingming.com/tv/NEWTV海外剧场.png,数字频道,http://[2409:8087:1a0b:df::4005]:80/ottrrs.hl.chinamobile.com/PLTV/88888888/224/3221225671/index.m3u8
NewTv欢乐剧场,newtv欢乐剧场,https://live.fanmingming.com/tv/NEWTV欢乐剧场.png,数字频道,http://[2409:8087:1a01:df::7005]:80/ottrrs.hl.chinamobile.com/PLTV/88888888/224/3221225742/index.m3u8
NewTv精品萌宠,newtv精品萌宠,https://live.fanmingming.com/tv/NEWTV精品萌宠.png,数字频道,http://[2409:8087:1a01:df::7005]:80/ottrrs.hl.chinamobile.com/PLTV/88888888/224/3221226505/index.m3u8
NewTv超级综艺,newtv超级综艺,https://live.fanmingming.com/tv/NEWTV超级综艺.png,数字频道,http://[2409:8087:1a01:df::7005]:80/ottrrs.hl.chinamobile.com/PLTV/88888888/224/3221225714/index.m3u8
NewTv金牌综艺,newtv金牌综艺,https://live.fanmingming.com/tv/NEWTV金牌综艺.png,数字频道,http://[2409:8087:1a01:df::7005]:80/ottrrs.hl.chinamobile.com/PLTV/88888888/224/3221225666/index.m3u8
上海新闻综合,上海新闻综合,https://live.fanmingming.com/tv/上视新闻.png,地方频道,http://[2409:8087:5e08:24::12]:6610/000000001000/2000000002000000005/index.m3u8?stbId=3&livemode=1&HlsProfileId=&channel-id=hnbblive&Contentid=2000000002000000005&IASHttpSessionId=OTT19019320240419154124000281
上海都市,上海都市,https://live.fanmingming.com/tv/上海都市.png,地方频道,http://[2409:8087:5e08:24::12]:6610/000000001000/2000000002000000012/index.m3u8?stbId=3&livemode=1&HlsProfileId=&channel-id=hnbblive&Contentid=2000000002000000012&IASHttpSessionId=OTT19019320240419154124000281
上海外语,上海外语,https://live.fanmingming.com/tv/上海外语.png,地方频道,http://[2409:8087:5e08:24::12]:6610/000000001000/2000000002000000001/index.m3u8?stbId=3&livemode=1&HlsProfileId=&channel-id=hnbblive&Contentid=2000000002000000001&IASHttpSessionId=OTT19019320240419154124000281
七彩戏剧,七彩戏剧,https://live.fanmingming.com/tv/七彩戏剧.png,地方频道,http://[2409:8087:5e08:24::12]:6610/000000001000/2000000002000000010/index.m3u8?stbId=3&livemode=1&HlsProfileId=&channel-id=hnbblive&Contentid=2000000002000000010&IASHttpSessionId=OTT19019320240419154124000281
五星体育,五星体育,https://live.fanmingming.com/tv/五星体育.png,地方频道,http://[2409:8087:5e08:24::12]:6610/000000001000/2000000002000000007/index.m3u8?stbId=3&livemode=1&HlsProfileId=&channel-id=hnbblive&Contentid=2000000002000000007&IASHttpSessionId=OTT19019320240419154124000281
东方影视,东方影视,https://live.fanmingming.com/tv/东方影视.png,地方频道,http://[2409:8087:5e08:24::12]:6610/000000001000/2000000002000000013/index.m3u8?stbId=3&livemode=1&HlsProfileId=&channel-id=hnbblive&Contentid=2000000002000000013&IASHttpSessionId=OTT19019320240419154124000281
东方财经,东方财经,https://live.fanmingming.com/tv/东方财经.png,地方频道,http://[2409:8087:5e08:24::12]:6610/000000001000/2000000002000000090/index.m3u8?stbId=3&livemode=1&HlsProfileId=&channel-id=hnbblive&Contentid=2000000002000000090&IASHttpSessionId=OTT19019320240419154124000281
法治天地,法治天地,https://live.fanmingming.com/tv/法治天地.png,地方频道,http://[2409:8087:5e08:24::12]:6610/000000001000/2000000002000000014/index.m3u8?stbId=3&livemode=1&HlsProfileId=&channel-id=hnbblive&Contentid=2000000002000000014&IASHttpSessionId=OTT19019320240419154124000281
第一财经,第一财经,https://live.fanmingming.com/tv/上海第一财经.png,地方频道,http://[2409:8087:5e08:24::12]:6610/000000001000/2000000002000000004/index.m3u8?stbId=3&livemode=1&HlsProfileId=&channel-id=hnbblive&Contentid=2000000002000000004&IASHttpSessionId=OTT19019320240419154124000281
浙江公共新闻,浙江公共新闻,https://live.fanmingming.com/tv/浙江新闻.png,地方频道,https://ali-m-l.cztv.com/channels/lantian/channel007/1080p.m3u8
浙江国际,浙江国际,https://live.fanmingming.com/tv/浙江国际.png,地方频道,https://ali-m-l.cztv.com/channels/lantian/channel010/1080p.m3u8
浙江少儿,浙江少儿,https://live.fanmingming.com/tv/浙江少儿.png,地方频道,https://ali-m-l.cztv.com/channels/lantian/channel008/1080p.m3u8
浙江教科影视,浙江教科影视,https://live.fanmingming.com/tv/浙江教科影视.png,地方频道,https://ali-m-l.cztv.com/channels/lantian/channel004/1080p.m3u8
之江纪录,之江纪录,https://live.fanmingming.com/tv/之江记录.png,地方频道,https://ali-m-l.cztv.com/channels/lantian/channel012/1080p.m3u8
浙江民生休闲,浙江民生休闲,https://live.fanmingming.com/tv/浙江民生休闲.png,地方频道,https://ali-m-l.cztv.com/channels/lantian/channel006/1080p.m3u8
浙江经视,浙江经视,https://live.fanmingming.com/tv/浙江经济生活.png,地方频道,https://ali-m-l.cztv.com/channels/lantian/channel003/1080p.m3u8
浙江钱江都市,浙江钱江都市,https://live.fanmingming.com/tv/钱江都市.png,地方频道,https://ali-m-l.cztv.com/channels/lantian/channel002/1080p.m3u8
内蒙古综合,内蒙古综合,https://live.fanmingming.com/tv/内蒙古新闻综合.png,地方频道,https://livestream-bt.nmtv.cn/nmtv/2316general.m3u8?txSecret=173f71025a2de64458989cfb281a0a37&txTime=771E8800
内蒙古经济生活,内蒙古经济生活,https://live.fanmingming.com/tv/内蒙古经济生活.png,地方频道,https://livestream-bt.nmtv.cn/nmtv/2317general.m3u8?txSecret=8e4b7cf6a2c8a75f74aef1a8a07cef43&txTime=771E8800
内蒙古少儿,内蒙古少儿,https://live.fanmingming.com/tv/内蒙古少儿.png,地方频道,https://livestream-bt.nmtv.cn/nmtv/2318general.m3u8?txSecret=ff5a1fd70ea228ee35b0d29895f37c56&txTime=771E8800
内蒙古文体娱乐,内蒙古文体娱乐,https://live.fanmingming.com/tv/内蒙古文体娱乐.png,地方频道,https://livestream-bt.nmtv.cn/nmtv/2319general.m3u8?txSecret=82ed51a2a4cbf85b62fec8ef2bfe4529&txTime=771E8800
内蒙古农牧,内蒙古农牧,https://live.fanmingming.com/tv/内蒙古农牧.png,地方频道,https://livestream-bt.nmtv.cn/nmtv/2320general.m3u8?txSecret=b5e44fcd9473993661f17746112ad1b7&txTime=771E8800
内蒙古蒙语卫视,内蒙古蒙语卫视,https://live.fanmingming.com/tv/内蒙古蒙语卫视.png,地方频道,https://livestream-bt.nmtv.cn/nmtv/2315general.m3u8?txSecret=e2b255285dd119a92c8aa5cdf00f8b84&txTime=771EF880
内蒙古蒙语文化,内蒙古蒙语文化,https://live.fanmingming.com/tv/内蒙古蒙语文化.png,地方频道,https://livestream-bt.nmtv.cn/nmtv/2321general.m3u8?txSecret=2250268a1d326dbbc4cbf0ba32649ca5&txTime=771E8800
CGTN,CGTN,https://live.fanmingming.com/tv/CGTN.png,央视频道,http://[2409:8087:4c0a:22:1::11]:6410/170000001115/UmaiCHAN63806f4f64099/index.m3u8?m3u8_level=2
CGTN纪录,CGTN纪录,https://live.fanmingming.com/tv/CGTN纪录.png,央视频道,http://[2409:8087:4c0a:22:1::11]:6410/170000001115/UmaiCHAN63a15d0ee63f3/index.m3u8?m3u8_level=2
CGTN俄语,CGTN俄语,https://live.fanmingming.com/tv/CGTN俄语.png,央视频道,http://[2409:8087:4c0a:22:1::11]:6410/170000001115/UmaiCHAN638071d299009/index.m3u8?m3u8_level=2
CGTN法语,CGTN法语,https://live.fanmingming.com/tv/CGTN法语.png,央视频道,http://[2409:8087:4c0a:22:1::11]:6410/170000001115/UmaiCHAN63806fb631afe/index.m3u8?m3u8_level=2
CGTN西语,CGTN西语,https://live.fanmingming.com/tv/CGTN西语.png,央视频道,http://[2409:8087:4c0a:22:1::11]:6410/170000001115/UmaiCHAN63806f81c8eb5/index.m3u8?m3u8_level=2
CGTN阿语,CGTN阿语,https://live.fanmingming.com/tv/CGTN阿语.png,央视频道,http://livear.cgtn.com/1000a/prog_index.m3u8
